Código;Descripción;Unidad;Sub Grupo;Grupo
2797;ACEITE CRISTAL USP X 1.900 ML;BOTELLA;ASEO;ASEO Y CAFETERIA
2832;ACEITE X 1.000 ML;BOTELLA;CAFETERIA;ASEO Y CAFETERIA
3306;ACEITE X 3.000 ML;BOTELLA;CAFETERIA;ASEO Y CAFETERIA
2953;ACIDO NITRICO 60% X KL;BOLSA;ASEO;ASEO Y CAFETERIA
2296;ACIDO NITRICO X 3.800 CC;GALON;ASEO;ASEO Y CAFETERIA
2471;ACIDO OXALICO X 1 KG;BOLSA;ASEO;ASEO Y CAFETERIA
3170;ACIDO OXALICO X 3.800 GR;BOLSA;ASEO;ASEO Y CAFETERIA
3193;ACONDICIONADOR DE CABELLO X 2 LT;BOTELLA;ASEO;ASEO Y CAFETERIA
2833;AGUA DESIONIZADA X 19 KG;CANECA;ASEO;ASEO Y CAFETERIA
2769;AJAX BICARBONATO LIQUIDO X 2.000 ML;BOTELLA;ASEO;ASEO Y CAFETERIA
2658;AJAX BICARBONATO LIQUIDO X 3.000 ML;GALON;ASEO;ASEO Y CAFETERIA
3677;ALCOHOL ANTISEPTICO GLICERINADO X 1.000 ML BERHLAN;LITRO;ASEO;ASEO Y CAFETERIA
3670;ALCOHOL ANTISEPTICO X 19 LT BERHLAN;CANECA;ASEO;ASEO Y CAFETERIA
3566;ALCOHOL ETILICO AL 70 % X 1.000 ML BERHLAN;LITRO;ASEO;ASEO Y CAFETERIA
3671;ALCOHOL ETILICO AL 70 % X 19.000 ML BMAX;CANECA;ASEO;ASEO Y CAFETERIA
3567;ALCOHOL ETILICO AL 70 % X 4.000 ML BERHLAN;GALON;ASEO;ASEO Y CAFETERIA
3020;ALCOHOL ETILICO AL 90 % X 1.900 ML;BOTELLA;ASEO;ASEO Y CAFETERIA
3163;ALCOHOL ETILICO AL 96 % X 1.900 ML;BOTELLA;ASEO;ASEO Y CAFETERIA
2984;ALCOHOL INDUSTRIAL AL 96 % X 19 LT;CANECA;ASEO;ASEO Y CAFETERIA
2841;AMBIENTADOR AEROSOL AIRWICK X 250 ML;UNIDAD;ASEO;ASEO Y CAFETERIA
1969;AMBIENTADOR AIRE X 3.800 ML FRUIT DYILOP;GALON;ASEO;ASEO Y CAFETERIA
2139;AMBIENTADOR AIRES X 250 ML PARAISO FLORAL BERHLAN;BOTELLA;ASEO;ASEO Y CAFETERIA
1987;AMBIENTADOR AIRES X 3.800 ML AMANECER FRUTAL BERHLAN;GALON;ASEO;ASEO Y CAFETERIA
3664;AMBIENTADOR AIRES X 3.800 ML DELICIA SILVESTRE BERHLAN;GALON;ASEO;ASEO Y CAFETERIA
1622;AMBIENTADOR BONAIRE VARITA;UNIDAD;ASEO;ASEO Y CAFETERIA
3401;AMBIENTADOR BONAIRE X 25 ML REPUESTO;UNIDAD;ASEO;ASEO Y CAFETERIA
2825;AMBIENTADOR BONAIRE X 250 ML REPUESTO;FRASCO;ASEO;ASEO Y CAFETERIA
1958;AMBIENTADOR BONAIRE X 400 ML;FRASCO;ASEO;ASEO Y CAFETERIA
2457;AMBIENTADOR BRIZZE X 360 ML;UNIDAD;ASEO;ASEO Y CAFETERIA
2994;AMBIENTADOR ELECTRICO BONAIRE X 25 ML;UNIDAD;ASEO;ASEO Y CAFETERIA
2995;AMBIENTADOR ELECTRICO BRIZZE X 20 ML;UNIDAD;ASEO;ASEO Y CAFETERIA
3016;AMBIENTADOR FABULOSO X 2.000 ML;BOTELLA;ASEO;ASEO Y CAFETERIA
2353;AMBIENTADOR FABULOSO X 5 LTS;GALON;ASEO;ASEO Y CAFETERIA
3592;AMBIENTADOR GLADE GEL X 70 GR;UNIDAD;ASEO;ASEO Y CAFETERIA
2845;AMBIENTADOR GLADE X 400 ML;UNIDAD;ASEO;ASEO Y CAFETERIA
1716;AMBIENTADOR INDUSTRIAL X GALON 3.785 ML;GALON;ASEO;ASEO Y CAFETERIA
2909;AMBIENTADOR LIQUIDO X 3.800 ML BMAX;GALON;ASEO;ASEO Y CAFETERIA
1379;AMBIENTADOR PASTA MAGISTRAL;UNIDAD;ASEO;ASEO Y CAFETERIA
2813;AMBIENTADOR REPUESTO GLADE 21 ML;UNIDAD;ASEO;ASEO Y CAFETERIA
3317;AMBIENTADOR REPUESTO GLADE 270 ML;FRASCO;ASEO;ASEO Y CAFETERIA
1335;AMBIENTADOR REPUESTO GLADE 8 GR;UNIDAD;ASEO;ASEO Y CAFETERIA
2846;AMBIENTADOR X 19 LT BMAX;CANECA;ASEO;ASEO Y CAFETERIA
3749;ARAGAN COMPLETO DE 40 CM CON MICROFIBRA;UNIDAD;ASEO;ASEO Y CAFETERIA
3750;ARAGAN COMPLETO DE 60 CM CON MOPA;UNIDAD;ASEO;ASEO Y CAFETERIA
3791;ARAGAN COMPLETO DE 80 CM CON MOPA;UNIDAD;ASEO;ASEO Y CAFETERIA
2096;ARAGAN METALICO 50 CM ARMAZON;UNIDAD;ASEO;ASEO Y CAFETERIA
2099;ARAGAN METALICO 80 CM ARMAZON;UNIDAD;ASEO;ASEO Y CAFETERIA
3856;ARO PARA FILTRO DE GRECA;UNIDAD;CAFETERIA;ASEO Y CAFETERIA
2902;AROMATICA BAMBY FRUTOS TROPICALES CAJA X 25 UN;CAJA;CAFETERIA;ASEO Y CAFETERIA
3080;AROMATICA CANELA CAJA X 20 UN TERESITA;CAJA;CAFETERIA;ASEO Y CAFETERIA
3760;AROMATICA HINDU FRUTOS ROJOS CAJA X 20 UN;CAJA;CAFETERIA;ASEO Y CAFETERIA
2796;AROMATICA HINDU FRUTOS SURTIDOS CAJA X 20 UN;CAJA;ASEO;ASEO Y CAFETERIA
3119;AROMATICA TERESITA SOBRE INDIVIDUAL CAJA X 20 UN;CAJA;CAFETERIA;ASEO Y CAFETERIA
2911;AROMATICA YERBABUENA JAIBEL CAJA X 20 UN;CAJA;CAFETERIA;ASEO Y CAFETERIA
2341;AROMATICAS BAMBY SURTIDAS CAJA X 20 UN;CAJA;CAFETERIA;ASEO Y CAFETERIA
2293;AROMATICAS EN CUBOS CAJA X 48 UN;CAJA;CAFETERIA;ASEO Y CAFETERIA
2386;AROMATICAS EN CUBOS DOÑA PANELA X 48 UN;CAJA;CAFETERIA;ASEO Y CAFETERIA
2007;AROMATICAS JAIBEL SURTIDAS CAJA X 20 UN;CAJA;CAFETERIA;ASEO Y CAFETERIA
2828;ARROZ X LIBRA;LIBRAS;ASEO;ASEO Y CAFETERIA
1360;ATOMIZADOR PLASTICO CON ALCOHOL ETILICO AL 70% DE 120 ML;UNIDAD;ASEO;ASEO Y CAFETERIA
1430;ATOMIZADOR PLASTICO DE 1000 CC;UNIDAD;ASEO;ASEO Y CAFETERIA
1004;ATOMIZADOR PLASTICO DE 250 CC;UNIDAD;ASEO;ASEO Y CAFETERIA
1681;ATOMIZADOR PLASTICO DE 500 CC;UNIDAD;ASEO;ASEO Y CAFETERIA
2134;ATOMIZADOR PLASTICO DE 750 CC;UNIDAD;ASEO;ASEO Y CAFETERIA
2138;AZUCAR BLANCA EN CUBOS CAJA X 560 UN;CAJA;CAFETERIA;ASEO Y CAFETERIA
2874;AZUCAR BLANCA X 1 KL;BOLSA;CAFETERIA;ASEO Y CAFETERIA
2467;AZUCAR BLANCA X 5 KL;PAQUETE;ASEO;ASEO Y CAFETERIA
2003;AZUCAR BLANCA X 5 LB;PAQUETE;CAFETERIA;ASEO Y CAFETERIA
2829;AZUCAR BLANCA X 50 KL;BULTO;ASEO;ASEO Y CAFETERIA
2922;AZUCAR MORENA X 1 KL;BOLSA;CAFETERIA;ASEO Y CAFETERIA
2895;AZUCAR MORENA X 5 LB;BOLSA;CAFETERIA;ASEO Y CAFETERIA
3407;AZUCAR MORENA X LB;LIBRAS;CAFETERIA;ASEO Y CAFETERIA
2342;AZUCAR TUBIPACK X 5 GR X 200 UN;PAQUETE;CAFETERIA;ASEO Y CAFETERIA
3429;AZUFRE EN POLVO X 500 GR;LIBRAS;ASEO;ASEO Y CAFETERIA
1981;BALDE PLASTICO 10 LT;UNIDAD;ASEO;ASEO Y CAFETERIA
3860;BALDE PLASTICO 10 LT CON ESCURRIDOR;UNIDAD;ASEO;ASEO Y CAFETERIA
1852;BALDE PLASTICO 12 LT;UNIDAD;ASEO;ASEO Y CAFETERIA
2534;BALDE PLASTICO 12 LT CON ESCURRIDOR;UNIDAD;ASEO;ASEO Y CAFETERIA
3797;BALDE PLASTICO 16 LT CON ESCURRIDOR;UNIDAD;ASEO;ASEO Y CAFETERIA
2527;BALDE PLASTICO 30 LT CON ESCURRIDOR;UNIDAD;ASEO;ASEO Y CAFETERIA
3868;BETUN LIQUIDO AUTOBRILLANTE X 60 ML;UNIDAD;ASEO;ASEO Y CAFETERIA
3854;BETUN PASTA X 65 GR;UNIDAD;ASEO;ASEO Y CAFETERIA
2665;BIBERON NEONATOS;UNIDAD;ASEO;ASEO Y CAFETERIA
2817;BICARBONATO DE SODIO X 500 GR;LIBRAS;ASEO;ASEO Y CAFETERIA
3045;BLANQUEADOR AL 5.25 % X 1.000 ML BMAX;BOTELLA;ASEO;ASEO Y CAFETERIA
1917;BLANQUEADOR AL 5.25 % X 19 LT BMAX;CANECA;ASEO;ASEO Y CAFETERIA
1962;BLANQUEADOR AL 5.25 % X 3.800 ML BMAX;GALON;ASEO;ASEO Y CAFETERIA
2323;BLANQUEADOR AL 5.25 % X 3.800 ML TAKTAX;GALON;ASEO;ASEO Y CAFETERIA
2669;BLANQUEADOR AL 6 % X 20 LT WAS;CANECA;ASEO;ASEO Y CAFETERIA
1789;BLANQUEADOR AL 6 % X 4 LT WAS;BOTELLA;ASEO;ASEO Y CAFETERIA
1707;BLANQUEADOR AL 6% X 1.8 LT WAS;BOTELLA;ASEO;ASEO Y CAFETERIA
3649;BLANQUEADOR OXIGENADO OXYFOOT II X 20 KG;BULTO;ASEO;ASEO Y CAFETERIA
2035;BLANQUITEX AL 5.25 % X 19 LT BERHLAN;CANECA;ASEO;ASEO Y CAFETERIA
2335;BLANQUITEX AL 5.25 % X 3.800 ML BERHLAN;GALON;ASEO;ASEO Y CAFETERIA
2637;"BOLSA BASURA 12"" X 12"" ROJA CAL 1.5";UNIDAD;BOLSA BASURA;ASEO Y CAFETERIA
2515;"BOLSA BASURA 15"" X 18"" GRIS CAL 0.75";UNIDAD;BOLSA BASURA;ASEO Y CAFETERIA
2514;"BOLSA BASURA 15"" X 18"" ROJA CAL 0.75";UNIDAD;BOLSA BASURA;ASEO Y CAFETERIA
2516;"BOLSA BASURA 15"" X 18"" VERDE CAL 0.75";UNIDAD;BOLSA BASURA;ASEO Y CAFETERIA
1896;"BOLSA BASURA 18"" X 18"" AZUL CAL 1.5";UNIDAD;BOLSA BASURA;ASEO Y CAFETERIA
3484;"BOLSA BASURA 18"" X 18"" BEIGE CAL 0.75";UNIDAD;BOLSA BASURA;ASEO Y CAFETERIA
3380;"BOLSA BASURA 18"" X 18"" BEIGE CAL 1.5";UNIDAD;BOLSA BASURA;ASEO Y CAFETERIA
2513;"BOLSA BASURA 18"" X 18"" BLANCA CAL 0.75";UNIDAD;BOLSA BASURA;ASEO Y CAFETERIA
3553;"BOLSA BASURA 18"" X 18"" BLANCA CAL 0.75";UNIDAD;BOLSA BASURA;ASEO Y CAFETERIA
2568;"BOLSA BASURA 18"" X 18"" BLANCA CAL 1.5";UNIDAD;BOLSA BASURA;ASEO Y CAFETERIA
2606;"BOLSA BASURA 18"" X 18"" GRIS CAL 1.4";UNIDAD;BOLSA BASURA;ASEO Y CAFETERIA
1925;"BOLSA BASURA 18"" X 18"" GRIS CAL 1.5";UNIDAD;BOLSA BASURA;ASEO Y CAFETERIA
3203;"BOLSA BASURA 18"" X 18"" NEGRA CAL 0.5";UNIDAD;BOLSA BASURA;ASEO Y CAFETERIA
2935;"BOLSA BASURA 18"" X 18"" NEGRA CAL 0.75 ";UNIDAD;BOLSA BASURA;ASEO Y CAFETERIA
2607;"BOLSA BASURA 18"" X 18"" NEGRA CAL 1.5";UNIDAD;BOLSA BASURA;ASEO Y CAFETERIA
3159;"BOLSA BASURA 18"" X 18"" NEGRAS CAL 0.75";UNIDAD;BOLSA BASURA;ASEO Y CAFETERIA
1029;"BOLSA BASURA 18"" X 18"" ROJA CAL 0.75";UNIDAD;BOLSA BASURA;ASEO Y CAFETERIA
3793;"BOLSA BASURA 18"" X 18"" ROJA CAL 1.0";UNIDAD;BOLSA BASURA;ASEO Y CAFETERIA
1926;"BOLSA BASURA 18"" X 18"" ROJA CAL 1.5";UNIDAD;BOLSA BASURA;ASEO Y CAFETERIA
3594;"BOLSA BASURA 18"" X 18"" VERDE CAL 0.5";UNIDAD;BOLSA BASURA;ASEO Y CAFETERIA
2026;"BOLSA BASURA 18"" X 18"" VERDE CAL 0.75 ";UNIDAD;BOLSA BASURA;ASEO Y CAFETERIA
2608;"BOLSA BASURA 18"" X 18"" VERDE CAL 1.4";UNIDAD;BOLSA BASURA;ASEO Y CAFETERIA
1374;"BOLSA BASURA 18"" X 18"" VERDE CAL 1.5";UNIDAD;BOLSA BASURA;ASEO Y CAFETERIA
3181;"BOLSA BASURA 18"" X 20"" NEGRA CAL 0.75";UNIDAD;BOLSA BASURA;ASEO Y CAFETERIA
2620;"BOLSA BASURA 18"" X 24"" AZUL CAL 1.5";UNIDAD;BOLSA BASURA;ASEO Y CAFETERIA
2077;"BOLSA BASURA 18"" X 24"" BLANCA CAL 0.6";UNIDAD;BOLSA BASURA;ASEO Y CAFETERIA
1885;"BOLSA BASURA 18"" X 24"" BLANCA CAL 0.75 ";UNIDAD;BOLSA BASURA;ASEO Y CAFETERIA
2532;"BOLSA BASURA 18"" X 24"" BLANCA CAL 1.5";UNIDAD;BOLSA BASURA;ASEO Y CAFETERIA
2533;"BOLSA BASURA 18"" X 24"" GRIS CAL 0.75";UNIDAD;BOLSA BASURA;ASEO Y CAFETERIA
2614;"BOLSA BASURA 18"" X 24"" GRIS CAL 1.5";UNIDAD;BOLSA BASURA;ASEO Y CAFETERIA
2978;"BOLSA BASURA 18"" X 24"" NEGRA CAL 0.75 ";UNIDAD;BOLSA BASURA;ASEO Y CAFETERIA
2345;"BOLSA BASURA 18"" X 24"" NEGRA CAL 1.0 ";UNIDAD;BOLSA BASURA;ASEO Y CAFETERIA
2446;"BOLSA BASURA 18"" X 24"" NEGRA CAL 1.5";UNIDAD;BOLSA BASURA;ASEO Y CAFETERIA
1442;"BOLSA BASURA 18"" X 24"" ROJA CAL 0.75";UNIDAD;BOLSA BASURA;ASEO Y CAFETERIA
2449;"BOLSA BASURA 18"" X 24"" ROJA CAL 1.5";UNIDAD;BOLSA BASURA;ASEO Y CAFETERIA
1030;"BOLSA BASURA 18"" X 24"" VERDE CAL 0.75";UNIDAD;BOLSA BASURA;ASEO Y CAFETERIA
1028;"BOLSA BASURA 18"" X 24"" VERDE CAL 1.5";UNIDAD;BOLSA BASURA;ASEO Y CAFETERIA
2714;"BOLSA BASURA 22"" X 22"" BLANCA CAL 0.75";UNIDAD;BOLSA BASURA;ASEO Y CAFETERIA
3541;"BOLSA BASURA 22"" X 22"" GRIS CAL 0.75";UNIDAD;BOLSA BASURA;ASEO Y CAFETERIA
3737;"BOLSA BASURA 22"" X 22"" NEGRA CAL 0.75";UNIDAD;BOLSA BASURA;ASEO Y CAFETERIA
3663;"BOLSA BASURA 22"" X 22"" ROJA CAL 0.75";UNIDAD;BOLSA BASURA;ASEO Y CAFETERIA
2609;"BOLSA BASURA 22"" X 22"" ROJA CAL 1.6";UNIDAD;BOLSA BASURA;ASEO Y CAFETERIA
3542;"BOLSA BASURA 22"" X 22"" VERDE CAL 0.75";UNIDAD;BOLSA BASURA;ASEO Y CAFETERIA
2610;"BOLSA BASURA 22"" X 22"" VERDE CAL 1.6";UNIDAD;BOLSA BASURA;ASEO Y CAFETERIA
2950;"BOLSA BASURA 22"" X 24"" BEIGE CAL 0.8";UNIDAD;BOLSA BASURA;ASEO Y CAFETERIA
3266;"BOLSA BASURA 22"" X 24"" BEIGE CAL 1.5";UNIDAD;BOLSA BASURA;ASEO Y CAFETERIA
3717;"BOLSA BASURA 22"" X 24"" BLANCA CAL 1.0";UNIDAD;BOLSA BASURA;ASEO Y CAFETERIA
1330;"BOLSA BASURA 22"" X 24"" BLANCA CAL 1.5";UNIDAD;BOLSA BASURA;ASEO Y CAFETERIA
3301;"BOLSA BASURA 22"" X 24"" GRIS CAL 0.75";UNIDAD;BOLSA BASURA;ASEO Y CAFETERIA
2373;"BOLSA BASURA 22"" X 24"" GRIS CAL 1.5";UNIDAD;BOLSA BASURA;ASEO Y CAFETERIA
3718;"BOLSA BASURA 22"" X 24"" NEGRA CAL 1.0";UNIDAD;BOLSA BASURA;ASEO Y CAFETERIA
3265;"BOLSA BASURA 22"" X 24"" NEGRA CAL 1.5";UNIDAD;BOLSA BASURA;ASEO Y CAFETERIA
3782;"BOLSA BASURA 22"" X 24"" ROJA CAL 0.75";UNIDAD;BOLSA BASURA;ASEO Y CAFETERIA
2504;"BOLSA BASURA 22"" X 24"" ROJA CAL 1.5";UNIDAD;BOLSA BASURA;ASEO Y CAFETERIA
3412;"BOLSA BASURA 22"" X 24"" VERDE CAL 0.75";UNIDAD;BOLSA BASURA;ASEO Y CAFETERIA
2425;"BOLSA BASURA 22"" X 24"" VERDE CAL 1.5";UNIDAD;BOLSA BASURA;ASEO Y CAFETERIA
3794;"BOLSA BASURA 24"" X 24"" BLANCA CAL 1.0";UNIDAD;BOLSA BASURA;ASEO Y CAFETERIA
3350;"BOLSA BASURA 24"" X 24"" GRIS CAL 0.75";UNIDAD;BOLSA BASURA;ASEO Y CAFETERIA
1373;"BOLSA BASURA 24"" X 24"" GRIS CAL 1.5";UNIDAD;BOLSA BASURA;ASEO Y CAFETERIA
3349;"BOLSA BASURA 24"" X 24"" NEGRA CAL 0.75";UNIDAD;BOLSA BASURA;ASEO Y CAFETERIA
2581;"BOLSA BASURA 24"" X 24"" NEGRA CAL 1.5";UNIDAD;BOLSA BASURA;ASEO Y CAFETERIA
3295;"BOLSA BASURA 24"" X 24"" ROJA CAL 0.75 ";UNIDAD;BOLSA BASURA;ASEO Y CAFETERIA
2120;"BOLSA BASURA 24"" X 24"" ROJA CAL 1.5";UNIDAD;BOLSA BASURA;ASEO Y CAFETERIA
3150;"BOLSA BASURA 24"" X 24"" VERDE CAL 0.75";UNIDAD;BOLSA BASURA;ASEO Y CAFETERIA
2172;"BOLSA BASURA 24"" X 24"" VERDE CAL 1.5 ";UNIDAD;BOLSA BASURA;ASEO Y CAFETERIA
1443;"BOLSA BASURA 24"" X 31"" AZUL CAL 1.5";UNIDAD;BOLSA BASURA;ASEO Y CAFETERIA
3160;"BOLSA BASURA 24"" X 31"" BEIGE CAL 0.75";UNIDAD;BOLSA BASURA;ASEO Y CAFETERIA
3390;"BOLSA BASURA 24"" X 31"" BEIGE CAL 1.5";UNIDAD;BOLSA BASURA;ASEO Y CAFETERIA
1977;"BOLSA BASURA 24"" X 31"" BLANCA CAL 0.75";UNIDAD;BOLSA BASURA;ASEO Y CAFETERIA
2105;"BOLSA BASURA 24"" X 31"" BLANCA CAL 1.5";UNIDAD;BOLSA BASURA;ASEO Y CAFETERIA
2103;"BOLSA BASURA 24"" X 31"" GRIS CAL 0.75";UNIDAD;BOLSA BASURA;ASEO Y CAFETERIA
2149;"BOLSA BASURA 24"" X 31"" GRIS CAL 1.5";UNIDAD;BOLSA BASURA;ASEO Y CAFETERIA
2569;"BOLSA BASURA 24"" X 31"" NEGRA CAL 0.75";UNIDAD;BOLSA BASURA;ASEO Y CAFETERIA
2118;"BOLSA BASURA 24"" X 31"" NEGRA CAL 1.5";UNIDAD;BOLSA BASURA;ASEO Y CAFETERIA
2580;"BOLSA BASURA 24"" X 31"" ROJA CAL 0.75 ";UNIDAD;BOLSA BASURA;ASEO Y CAFETERIA
2450;"BOLSA BASURA 24"" X 31"" ROJA CAL 1.5";UNIDAD;BOLSA BASURA;ASEO Y CAFETERIA
2106;"BOLSA BASURA 24"" X 31"" VERDE CAL 0.75 ";UNIDAD;BOLSA BASURA;ASEO Y CAFETERIA
3171;"BOLSA BASURA 24"" X 31"" VERDE CAL 1.0";UNIDAD;BOLSA BASURA;ASEO Y CAFETERIA
1463;"BOLSA BASURA 24"" X 31"" VERDE CAL 1.5";UNIDAD;BOLSA BASURA;ASEO Y CAFETERIA
2622;"BOLSA BASURA 24"" X 32"" GRIS CAL 1.0";UNIDAD;BOLSA BASURA;ASEO Y CAFETERIA
2621;"BOLSA BASURA 24"" X 32"" VERDE CAL 1.0";UNIDAD;BOLSA BASURA;ASEO Y CAFETERIA
3706;"BOLSA BASURA 24"" X 34"" BLANCA CAL 1.5";UNIDAD;BOLSA BASURA;ASEO Y CAFETERIA
3550;"BOLSA BASURA 24"" X 34"" NEGRA CAL 1.6";UNIDAD;BOLSA BASURA;ASEO Y CAFETERIA
1332;"BOLSA BASURA 24"" X 36"" GRIS CAL 1.5";UNIDAD;BOLSA BASURA;ASEO Y CAFETERIA
1329;"BOLSA BASURA 24"" X 36"" VERDE CAL 1.5";UNIDAD;BOLSA BASURA;ASEO Y CAFETERIA
1861;"BOLSA BASURA 25"" X 31"" NEGRA CAL 1.0";UNIDAD;BOLSA BASURA;ASEO Y CAFETERIA
2877;"BOLSA BASURA 26"" X 20"" BLANCA CAL 1.0";UNIDAD;BOLSA BASURA;ASEO Y CAFETERIA
2878;"BOLSA BASURA 26"" X 20"" GRIS CAL 1.0";UNIDAD;BOLSA BASURA;ASEO Y CAFETERIA
2879;"BOLSA BASURA 26"" X 20"" VERDE CAL 1.0";UNIDAD;BOLSA BASURA;ASEO Y CAFETERIA
3058;"BOLSA BASURA 26"" X 24"" BLANCA CAL 0.75";UNIDAD;BOLSA BASURA;ASEO Y CAFETERIA
2931;"BOLSA BASURA 26"" X 24"" BLANCA CAL 1.5";UNIDAD;BOLSA BASURA;ASEO Y CAFETERIA
3098;"BOLSA BASURA 26"" X 24"" GRIS CAL 0.75";UNIDAD;BOLSA BASURA;ASEO Y CAFETERIA
2932;"BOLSA BASURA 26"" X 24"" GRIS CAL 1.5";UNIDAD;BOLSA BASURA;ASEO Y CAFETERIA
3660;"BOLSA BASURA 26"" X 24"" NEGRA CAL 0.75";UNIDAD;BOLSA BASURA;ASEO Y CAFETERIA
3151;"BOLSA BASURA 26"" X 24"" VERDE CAL 0.75";UNIDAD;BOLSA BASURA;ASEO Y CAFETERIA
2958;"BOLSA BASURA 26"" X 24"" VERDE CAL 0.8";UNIDAD;BOLSA BASURA;ASEO Y CAFETERIA
2933;"BOLSA BASURA 26"" X 24"" VERDE CAL 1.5";UNIDAD;BOLSA BASURA;ASEO Y CAFETERIA
3680;"BOLSA BASURA 26"" X 26"" NEGRA CAL 0.75";UNIDAD;BOLSA BASURA;ASEO Y CAFETERIA
2979;"BOLSA BASURA 26"" X 35"" NEGRA CAL 1.0";UNIDAD;BOLSA BASURA;ASEO Y CAFETERIA
3480;"BOLSA BASURA 26"" X 36"" AZUL CAL 0.75";UNIDAD;BOLSA BASURA;ASEO Y CAFETERIA
3595;"BOLSA BASURA 26"" X 36"" AZUL CAL 1.0";UNIDAD;BOLSA BASURA;ASEO Y CAFETERIA
3801;"BOLSA BASURA 26"" X 36"" BLANCA CAL 0.75";UNIDAD;BOLSA BASURA;ASEO Y CAFETERIA
3726;"BOLSA BASURA 26"" X 36"" BLANCA CAL 1.0";UNIDAD;BOLSA BASURA;ASEO Y CAFETERIA
2999;"BOLSA BASURA 26"" X 36"" BLANCA CAL 1.5";UNIDAD;BOLSA BASURA;ASEO Y CAFETERIA
2611;"BOLSA BASURA 26"" X 36"" GRIS CAL 1.6";UNIDAD;BOLSA BASURA;ASEO Y CAFETERIA
3478;"BOLSA BASURA 26"" X 36"" NEGRA CAL 0.75";UNIDAD;BOLSA BASURA;ASEO Y CAFETERIA
3727;"BOLSA BASURA 26"" X 36"" NEGRA CAL 1.0";UNIDAD;BOLSA BASURA;ASEO Y CAFETERIA
2997;"BOLSA BASURA 26"" X 36"" NEGRA CAL 1.5";UNIDAD;BOLSA BASURA;ASEO Y CAFETERIA
2998;"BOLSA BASURA 26"" X 36"" NEGRAS CAL 1.5";UNIDAD;BOLSA BASURA;ASEO Y CAFETERIA
3647;"BOLSA BASURA 26"" X 36"" ROJA CAL 0.75";UNIDAD;BOLSA BASURA;ASEO Y CAFETERIA
2612;"BOLSA BASURA 26"" X 36"" ROJA CAL 1.6";UNIDAD;BOLSA BASURA;ASEO Y CAFETERIA
3479;"BOLSA BASURA 26"" X 36"" VERDE CAL 0.75";UNIDAD;BOLSA BASURA;ASEO Y CAFETERIA
3596;"BOLSA BASURA 26"" X 36"" VERDE CAL 1.0";UNIDAD;BOLSA BASURA;ASEO Y CAFETERIA
2029;"BOLSA BASURA 26"" X 36"" VERDE CAL 1.5";UNIDAD;BOLSA BASURA;ASEO Y CAFETERIA
2613;"BOLSA BASURA 26"" X 36"" VERDE CAL 1.6";UNIDAD;BOLSA BASURA;ASEO Y CAFETERIA
2266;"BOLSA BASURA 26"" X 40"" AZUL CAL 1.5";UNIDAD;BOLSA BASURA;ASEO Y CAFETERIA
3267;"BOLSA BASURA 26"" X 40"" BEIGE CAL 0.75";UNIDAD;BOLSA BASURA;ASEO Y CAFETERIA
2959;"BOLSA BASURA 26"" X 40"" BLANCA CAL 0.75";UNIDAD;BOLSA BASURA;ASEO Y CAFETERIA
3545;"BOLSA BASURA 26"" X 40"" BLANCA CAL 1.5";UNIDAD;BOLSA BASURA;ASEO Y CAFETERIA
3805;"BOLSA BASURA 26"" X 40"" GRIS CAL 0.75";UNIDAD;BOLSA BASURA;ASEO Y CAFETERIA
1388;"BOLSA BASURA 26"" X 40"" GRIS CAL 1.5";UNIDAD;BOLSA BASURA;ASEO Y CAFETERIA
1414;"BOLSA BASURA 26"" X 40"" NEGRA CAL 0.75";UNIDAD;BOLSA BASURA;ASEO Y CAFETERIA
1415;"BOLSA BASURA 26"" X 40"" NEGRA CAL 0.75";UNIDAD;BOLSA BASURA;ASEO Y CAFETERIA
2429;"BOLSA BASURA 26"" X 40"" NEGRA CAL 0.75";UNIDAD;BOLSA BASURA;ASEO Y CAFETERIA
3172;"BOLSA BASURA 26"" X 40"" NEGRA CAL 1.0";UNIDAD;BOLSA BASURA;ASEO Y CAFETERIA
3214;"BOLSA BASURA 26"" X 40"" NEGRA CAL 1.5";UNIDAD;BOLSA BASURA;ASEO Y CAFETERIA
2923;"BOLSA BASURA 26"" X 40"" ROJA CAL 0.75";UNIDAD;BOLSA BASURA;ASEO Y CAFETERIA
1929;"BOLSA BASURA 26"" X 40"" ROJA CAL 1.5";UNIDAD;BOLSA BASURA;ASEO Y CAFETERIA
1405;"BOLSA BASURA 26"" X 40"" VERDE CAL 0.75";UNIDAD;BOLSA BASURA;ASEO Y CAFETERIA
2115;"BOLSA BASURA 26"" X 40"" VERDE CAL 1.5";UNIDAD;BOLSA BASURA;ASEO Y CAFETERIA
2427;"BOLSA BASURA 30"" X 37"" VERDE CAL 1.5";UNIDAD;BOLSA BASURA;ASEO Y CAFETERIA
2083;"BOLSA BASURA 30"" X 38"" AZUL CAL 1.5";UNIDAD;BOLSA BASURA;ASEO Y CAFETERIA
3275;"BOLSA BASURA 30"" X 38"" AZUL CAL 2.0";UNIDAD;BOLSA BASURA;ASEO Y CAFETERIA
3716;"BOLSA BASURA 30"" X 38"" BLANCA CAL 2.0";UNIDAD;BOLSA BASURA;ASEO Y CAFETERIA
2453;"BOLSA BASURA 30"" X 38"" GRIS CAL 1.5";UNIDAD;BOLSA BASURA;ASEO Y CAFETERIA
3276;"BOLSA BASURA 30"" X 38"" GRIS CAL 2.0";UNIDAD;BOLSA BASURA;ASEO Y CAFETERIA
3715;"BOLSA BASURA 30"" X 38"" NEGRA CAL 2.0";UNIDAD;BOLSA BASURA;ASEO Y CAFETERIA
2432;"BOLSA BASURA 30"" X 38"" ROJA CAL 1.5";UNIDAD;BOLSA BASURA;ASEO Y CAFETERIA
2451;"BOLSA BASURA 30"" X 38"" VERDE CAL 1.5";UNIDAD;BOLSA BASURA;ASEO Y CAFETERIA
3277;"BOLSA BASURA 30"" X 38"" VERDE CAL 2.0";UNIDAD;BOLSA BASURA;ASEO Y CAFETERIA
2085;"BOLSA BASURA 30"" X 39"" GRIS CAL 1.5";UNIDAD;BOLSA BASURA;ASEO Y CAFETERIA
2084;"BOLSA BASURA 30"" X 39"" VERDE CAL 1.5";UNIDAD;BOLSA BASURA;ASEO Y CAFETERIA
2924;"BOLSA BASURA 30"" X 40"" NEGRA CAL 0.75";UNIDAD;BOLSA BASURA;ASEO Y CAFETERIA
2445;"BOLSA BASURA 30"" X 40"" NEGRA CAL 1.0";UNIDAD;BOLSA BASURA;ASEO Y CAFETERIA
2424;"BOLSA BASURA 32"" X 36"" AZUL CAL 1.5";UNIDAD;BOLSA BASURA;ASEO Y CAFETERIA
2423;"BOLSA BASURA 32"" X 36"" GRIS CAL 1.5";UNIDAD;BOLSA BASURA;ASEO Y CAFETERIA
2280;"BOLSA BASURA 32"" X 36"" VERDE CAL 1.5";UNIDAD;BOLSA BASURA;ASEO Y CAFETERIA
3289;"BOLSA BASURA 32"" X 38"" AZUL CAL 0.75";UNIDAD;BOLSA BASURA;ASEO Y CAFETERIA
2880;"BOLSA BASURA 32"" X 38"" AZUL CAL 1.5";UNIDAD;BOLSA BASURA;ASEO Y CAFETERIA
3339;"BOLSA BASURA 32"" X 38"" VERDE CAL 0.75";UNIDAD;BOLSA BASURA;ASEO Y CAFETERIA
2881;"BOLSA BASURA 32"" X 38"" VERDE CAL 1.5";UNIDAD;BOLSA BASURA;ASEO Y CAFETERIA
3255;"BOLSA BASURA 32"" X 38"" VERDE CAL 2.0";UNIDAD;BOLSA BASURA;ASEO Y CAFETERIA
2754;"BOLSA BASURA 32"" X 39 VERDE CAL 1.0";UNIDAD;BOLSA BASURA;ASEO Y CAFETERIA
2454;"BOLSA BASURA 32"" X 47"" GRIS CAL 1.5";UNIDAD;BOLSA BASURA;ASEO Y CAFETERIA
2318;"BOLSA BASURA 32"" X 47"" NEGRA CAL 1.0";UNIDAD;BOLSA BASURA;ASEO Y CAFETERIA
2660;"BOLSA BASURA 32"" X 47"" NEGRA CAL 1.5";UNIDAD;BOLSA BASURA;ASEO Y CAFETERIA
2137;"BOLSA BASURA 33"" X 50"" AZUL CAL 1.5";UNIDAD;BOLSA BASURA;ASEO Y CAFETERIA
2372;"BOLSA BASURA 33"" X 50"" GRIS CAL 1.0";UNIDAD;BOLSA BASURA;ASEO Y CAFETERIA
2518;"BOLSA BASURA 33"" X 50"" GRIS CAL 1.5";UNIDAD;BOLSA BASURA;ASEO Y CAFETERIA
2634;"BOLSA BASURA 33"" X 50"" NEGRA CAL 1.0";UNIDAD;BOLSA BASURA;ASEO Y CAFETERIA
2371;"BOLSA BASURA 33"" X 50"" ROJA CAL 1.0";UNIDAD;BOLSA BASURA;ASEO Y CAFETERIA
2571;"BOLSA BASURA 33"" X 50"" ROJA CAL 1.5";UNIDAD;BOLSA BASURA;ASEO Y CAFETERIA
2517;"BOLSA BASURA 33"" X 50"" VERDE CAL 1.0";UNIDAD;BOLSA BASURA;ASEO Y CAFETERIA
1960;"BOLSA BASURA 33"" X 50"" VERDE CAL 1.5";UNIDAD;BOLSA BASURA;ASEO Y CAFETERIA
2677;"BOLSA BASURA 35"" X 43"" AZUL CAL 1.6";UNIDAD;BOLSA BASURA;ASEO Y CAFETERIA
2186;"BOLSA BASURA 35"" X 43"" GRIS CAL 1.0";UNIDAD;BOLSA BASURA;ASEO Y CAFETERIA
2678;"BOLSA BASURA 35"" X 43"" GRIS CAL 1.6";UNIDAD;BOLSA BASURA;ASEO Y CAFETERIA
2705;"BOLSA BASURA 35"" X 47"" AZUL CAL 2.0";UNIDAD;BOLSA BASURA;ASEO Y CAFETERIA
2706;"BOLSA BASURA 35"" X 47"" GRIS CAL 2.0";UNIDAD;BOLSA BASURA;ASEO Y CAFETERIA
2707;"BOLSA BASURA 35"" X 47"" VERDE CAL 2.0";UNIDAD;BOLSA BASURA;ASEO Y CAFETERIA
3574;"BOLSA BASURA 35"" X 51"" AZUL CAL 0.75";UNIDAD;BOLSA BASURA;ASEO Y CAFETERIA
2882;"BOLSA BASURA 35"" X 51"" AZUL CAL 1.5";UNIDAD;BOLSA BASURA;ASEO Y CAFETERIA
3254;"BOLSA BASURA 35"" X 51"" AZUL CAL 2.0";UNIDAD;BOLSA BASURA;ASEO Y CAFETERIA
3787;"BOLSA BASURA 35"" X 51"" BLANCA CAL 1.5";UNIDAD;BOLSA BASURA;ASEO Y CAFETERIA
3734;"BOLSA BASURA 35"" X 51"" BLANCA CAL 2.0";UNIDAD;BOLSA BASURA;ASEO Y CAFETERIA
2652;"BOLSA BASURA 35"" X 51"" NEGRA CAL 1.0";UNIDAD;BOLSA BASURA;ASEO Y CAFETERIA
3786;"BOLSA BASURA 35"" X 51"" NEGRA CAL 1.5";UNIDAD;BOLSA BASURA;ASEO Y CAFETERIA
3661;"BOLSA BASURA 35"" X 51"" NEGRA CAL 2.0";UNIDAD;BOLSA BASURA;ASEO Y CAFETERIA
2642;"BOLSA BASURA 35"" X 51"" ROJA CAL 1.5";UNIDAD;BOLSA BASURA;ASEO Y CAFETERIA
3696;"BOLSA BASURA 35"" X 51"" ROJA CAL 2.0";UNIDAD;BOLSA BASURA;ASEO Y CAFETERIA
2826;"BOLSA BASURA 35"" X 51"" VERDE CAL 1.5";UNIDAD;BOLSA BASURA;ASEO Y CAFETERIA
2624;"BOLSA BASURA 35"" X 51"" VERDE CAL 2.0";UNIDAD;BOLSA BASURA;ASEO Y CAFETERIA
3802;"BOLSA BASURA 36"" X 36"" NEGRA CAL 0.75";UNIDAD;BOLSA BASURA;ASEO Y CAFETERIA
2679;"BOLSA BASURA 36"" X 40"" VERDE CAL 1.5";UNIDAD;BOLSA BASURA;ASEO Y CAFETERIA
2646;"BOLSA BASURA 37"" X 50"" BLANCA CAL 2.0";UNIDAD;BOLSA BASURA;ASEO Y CAFETERIA
2789;"BOLSA BASURA 37"" X 50"" NEGRA CAL 0.8";UNIDAD;BOLSA BASURA;ASEO Y CAFETERIA
2980;"BOLSA BASURA 37"" X 50"" NEGRA CAL 1.0";UNIDAD;BOLSA BASURA;ASEO Y CAFETERIA
3000;"BOLSA BASURA 37"" X 50"" NEGRA CAL 1.4";UNIDAD;BOLSA BASURA;ASEO Y CAFETERIA
3059;"BOLSA BASURA 37"" X 50"" NEGRA CAL 2.0";UNIDAD;BOLSA BASURA;ASEO Y CAFETERIA
2623;"BOLSA BASURA 37"" X 50"" VERDE CAL 2.0";UNIDAD;BOLSA BASURA;ASEO Y CAFETERIA
3778;"BOLSA BASURA 37"" X 51"" BLANCA CAL 0.75";UNIDAD;BOLSA BASURA;ASEO Y CAFETERIA
3779;"BOLSA BASURA 37"" X 51"" NEGRA CAL 0.75";UNIDAD;BOLSA BASURA;ASEO Y CAFETERIA
3544;"BOLSA BASURA 37"" X 51"" VERDE CAL 0.75";UNIDAD;BOLSA BASURA;ASEO Y CAFETERIA
2649;"BOLSA BASURA 39"" X 43"" VERDE CAL 1.5";UNIDAD;BOLSA BASURA;ASEO Y CAFETERIA
2647;"BOLSA BASURA 39"" X 47"" ROJA CAL 2.0";UNIDAD;BOLSA BASURA;ASEO Y CAFETERIA
1027;"BOLSA BASURA 39"" X 47"" ROJA CAL 3.0";UNIDAD;BOLSA BASURA;ASEO Y CAFETERIA
2648;"BOLSA BASURA 39"" X 47"" VERDE CAL 2.0";UNIDAD;BOLSA BASURA;ASEO Y CAFETERIA
3362;BOLSA BASURA 40 CM X 55 CM NEGRA CAL 1.4;UNIDAD;BOLSA BASURA;ASEO Y CAFETERIA
3367;BOLSA BASURA 40 CM X 55 CM ROJA CAL 1.4;UNIDAD;BOLSA BASURA;ASEO Y CAFETERIA
3369;BOLSA BASURA 40 CM X 55 CM VERDE CAL 1.4;UNIDAD;BOLSA BASURA;ASEO Y CAFETERIA
3363;BOLSA BASURA 60 CM X 70 CM NEGRA CAL 1.4;UNIDAD;BOLSA BASURA;ASEO Y CAFETERIA
3364;BOLSA BASURA 60 CM X 70 CM NEGRA CAL 2.0;UNIDAD;BOLSA BASURA;ASEO Y CAFETERIA
3395;BOLSA BASURA 65 CM X 80 CM NEGRA CAL 0.8 PAQ X 10 UN;PAQUETE;BOLSA BASURA;ASEO Y CAFETERIA
2936;BOLSA BASURA 65 CM X 90 CM BLANCA CAL 0.5 PAQ X 100 UN;PAQUETE;BOLSA BASURA;ASEO Y CAFETERIA
2972;BOLSA BASURA 65 CM X 90 CM NEGRA CAL 0.8 PAQ X 100 UN;PAQUETE;BOLSA BASURA;ASEO Y CAFETERIA
3365;BOLSA BASURA 70 CM X 90 CM NEGRA CAL 2.0;UNIDAD;BOLSA BASURA;ASEO Y CAFETERIA
3370;BOLSA BASURA 70 CM X 90 CM VERDE CAL 2.0;UNIDAD;BOLSA BASURA;ASEO Y CAFETERIA
3122;"BOLSA BASURA 8"" X 12"" NEGRA CAL 0.5";UNIDAD;BOLSA BASURA;ASEO Y CAFETERIA
3314;BOLSA BASURA 80 CM X 105 CM ROJA CAL 3.0;UNIDAD;BOLSA BASURA;ASEO Y CAFETERIA
3274;BOLSA BASURA 80 CM X 110 CM NEGRA CAL 2.0;UNIDAD;BOLSA BASURA;ASEO Y CAFETERIA
3366;BOLSA BASURA 80 CM X 110 CM NEGRA CAL 2.0;UNIDAD;BOLSA BASURA;ASEO Y CAFETERIA
3368;BOLSA BASURA 80 CM X 110 CM ROJA CAL 2.0;UNIDAD;BOLSA BASURA;ASEO Y CAFETERIA
3371;BOLSA BASURA 80 CM X 110 CM VERDE CAL 2.0;UNIDAD;BOLSA BASURA;ASEO Y CAFETERIA
3597;BOLSA BASURA 90 CM X 110 CM BEIGE CAL 1.0;UNIDAD;BOLSA BASURA;ASEO Y CAFETERIA
3729;BOLSA BASURA 90 CM X 110 CM NEGRA CAL 1.0;UNIDAD;BOLSA BASURA;ASEO Y CAFETERIA
3728;BOLSA BASURA 90 CM X 110 CM VERDE CAL 1.0;UNIDAD;BOLSA BASURA;ASEO Y CAFETERIA
3551;BOLSA BASURA 90 CM X 130 CM NEGRA CAL 1.5;UNIDAD;BOLSA BASURA;ASEO Y CAFETERIA
3543;BOLSA BASURA 90 CM X 130 CM ROJA CAL 0.75;UNIDAD;BOLSA BASURA;ASEO Y CAFETERIA
3552;BOLSA BASURA 90 CM X 130 CM VERDE CAL 1.5;UNIDAD;BOLSA BASURA;ASEO Y CAFETERIA
2996;BOLSA BASURA 90 CM X 130 CM VERDE CAL 2.0;UNIDAD;BOLSA BASURA;ASEO Y CAFETERIA
3394;BOLSA BASURA 92 CM X 110 CM NEGRA CAL 0.8;UNIDAD;BOLSA BASURA;ASEO Y CAFETERIA
2681;"BOLSA BIODEG 18"" X 18"" VERDE CAL 1.0";UNIDAD;BOLSA BASURA;ASEO Y CAFETERIA
2682;"BOLSA BIODEG 26"" X 35"" VERDE CAL 1.0";UNIDAD;BOLSA BASURA;ASEO Y CAFETERIA
2655;"BOLSA CANASTERA 24"" X 39"" TRANSPARENTE CAL 0.45";UNIDAD;BOLSA BASURA;ASEO Y CAFETERIA
3195;BOLSA MATERIAL ABSORVENTE 5 KG FULL SORB;UNIDAD;BOLSA BASURA;ASEO Y CAFETERIA
3489;BOLSA PAPEL 1 LB PAQ X 100 UN;PAQUETE;BOLSA BASURA;ASEO Y CAFETERIA
3743;BOLSA PAPEL 3 LB PAQ X 100 UN;PAQUETE;BOLSA BASURA;ASEO Y CAFETERIA
3742;BOLSA PAPEL 6 LB PAQ X 100 UN;PAQUETE;BOLSA BASURA;ASEO Y CAFETERIA
2298;"BOLSA PLASTICA 10"" X 14"" C/AGARRADERA CAL 2.0";UNIDAD;BOLSA BASURA;ASEO Y CAFETERIA
2282;"BOLSA PLASTICA 10"" X 14"" TRANSPARENTE CAL 1.5";UNIDAD;BOLSA BASURA;ASEO Y CAFETERIA
2443;"BOLSA PLASTICA 10"" X 14"" TRANSPARENTE CAL 2.0";UNIDAD;BOLSA BASURA;ASEO Y CAFETERIA
3072;"BOLSA PLASTICA 10"" X 16"" TRANSPARENTE CAL 2.0";UNIDAD;BOLSA BASURA;ASEO Y CAFETERIA
3482;"BOLSA PLASTICA 12"" X 16"" BLANCA";UNIDAD;BOLSA BASURA;ASEO Y CAFETERIA
3811;"BOLSA PLASTICA 12"" X 16"" OPACA";UNIDAD;BOLSA BASURA;ASEO Y CAFETERIA
3064;"BOLSA PLASTICA 12"" X 16"" TRANSPARENTE CAL 0.5";UNIDAD;BOLSA BASURA;ASEO Y CAFETERIA
1918;"BOLSA PLASTICA 12"" X 16"" TRANSPARENTE CAL 2.0";UNIDAD;BOLSA BASURA;ASEO Y CAFETERIA
3481;"BOLSA PLASTICA 14"" X 20"" TRANSPARENTE CAL 0.5";UNIDAD;BOLSA BASURA;ASEO Y CAFETERIA
3065;"BOLSA PLASTICA 14"" X 20"" TRANSPARENTE CAL 2.0";UNIDAD;BOLSA BASURA;ASEO Y CAFETERIA
3535;"BOLSA PLASTICA 18"" X 24"" TRANSPARENTE CAL 0.5";UNIDAD;BOLSA BASURA;ASEO Y CAFETERIA
3420;"BOLSA PLASTICA 18"" X 24"" TRANSPARENTE CAL 0.75";UNIDAD;BOLSA BASURA;ASEO Y CAFETERIA
3525;"BOLSA PLASTICA 18"" X 24"" TRANSPARENTE CAL 1.0";UNIDAD;BOLSA BASURA;ASEO Y CAFETERIA
2283;"BOLSA PLASTICA 24"" X 31"" TRANSPARENTE CAL 0.7";UNIDAD;BOLSA BASURA;ASEO Y CAFETERIA
2452;"BOLSA PLASTICA 26"" X 40"" TRANSPARENTE CAL 0.75";UNIDAD;BOLSA BASURA;ASEO Y CAFETERIA
3624;BOLSA PLASTICA 30 CM X 30 CM TRANSPARENTE CAL 2.0;UNIDAD;BOLSA BASURA;ASEO Y CAFETERIA
2666;"BOLSA PLASTICA 6"" X 8"" TRANSPARENTE BAJA D";UNIDAD;BOLSA BASURA;ASEO Y CAFETERIA
3292;"BOLSA PLASTICA 6"" X 8"" TRANSPARENTE CAL 2.0";UNIDAD;BOLSA BASURA;ASEO Y CAFETERIA
1362;"BOLSA PLASTICA 6"" X 9"" TRANSPARENTE CAL 2.0";UNIDAD;BOLSA BASURA;ASEO Y CAFETERIA
1920;"BOLSA PLASTICA 7"" X 10"" TRANSPARENTE CAL 2.0";UNIDAD;BOLSA BASURA;ASEO Y CAFETERIA
3413;BOLSA PLASTICA 8 CM X 12 CM BLANCA;UNIDAD;BOLSA BASURA;ASEO Y CAFETERIA
3063;"BOLSA PLASTICA 8"" X 10"" TRANSPARENTE CAL 2.0";UNIDAD;BOLSA BASURA;ASEO Y CAFETERIA
2704;"BOLSA PLASTICA 8"" X 12"" TRANSPARENTE CAL 0.5";UNIDAD;BOLSA BASURA;ASEO Y CAFETERIA
1361;"BOLSA PLASTICA 8"" X 12"" TRANSPARENTE CAL 2.0";UNIDAD;BOLSA BASURA;ASEO Y CAFETERIA
3604;BOLSA PLASTICA BLANCA CARGADERA C3 CAL 1.3;UNIDAD;BOLSA BASURA;ASEO Y CAFETERIA
3605;BOLSA PLASTICA BLANCA CARGADERA C5 CAL 2.0;UNIDAD;BOLSA BASURA;ASEO Y CAFETERIA
3483;BOLSA PLASTICA C4 CON AGARRADERA;UNIDAD;BOLSA BASURA;ASEO Y CAFETERIA
2463;BOLSA PLASTICA DE CIERRE 10 CM X 14 CM;UNIDAD;BOLSA BASURA;ASEO Y CAFETERIA
3536;BOLSA PLASTICA DE CIERRE 14 CM X 14 CM;UNIDAD;BOLSA BASURA;ASEO Y CAFETERIA
3421;BOLSA PLASTICA DE CIERRE 15 CM X 20 CM ;UNIDAD;BOLSA BASURA;ASEO Y CAFETERIA
2840;BOLSA PLASTICA DE CIERRE 15 CM X 25 CM;UNIDAD;BOLSA BASURA;ASEO Y CAFETERIA
3196;BOLSA PLASTICA DE CIERRE 20 CM X 18 CM;UNIDAD;BOLSA BASURA;ASEO Y CAFETERIA
3231;BOLSA PLASTICA DE CIERRE 20 CM X 20 CM ;UNIDAD;BOLSA BASURA;ASEO Y CAFETERIA
3281;BOLSA PLASTICA DE CIERRE 20 CM X 24 CM;UNIDAD;BOLSA BASURA;ASEO Y CAFETERIA
2213;BOLSA PLASTICA DE CIERRE 20 CM X 30 CM;UNIDAD;BOLSA BASURA;ASEO Y CAFETERIA
1031;BOLSA PLASTICA DE CIERRE 25 CM X 35 CM;UNIDAD;BOLSA BASURA;ASEO Y CAFETERIA
2059;BOLSA PLASTICA DE CIERRE 30 CM X 40 CM;UNIDAD;BOLSA BASURA;ASEO Y CAFETERIA
2587;BOLSA PLASTICA DE CIERRE 5 CM X 5 CM;UNIDAD;BOLSA BASURA;ASEO Y CAFETERIA
3212;BOLSA PLASTICA DE CIERRE 8 CM X 10 CM;UNIDAD;BOLSA BASURA;ASEO Y CAFETERIA
2925;BOLSA PLASTICA T20 BLANCA;UNIDAD;BOLSA BASURA;ASEO Y CAFETERIA
3878;BOLSA PLASTICA T25 NEGRA;UNIDAD;BOLSA BASURA;ASEO Y CAFETERIA
2926;BOLSA PLASTICA T30 BLANCA;UNIDAD;BOLSA BASURA;ASEO Y CAFETERIA
2964;BOLSA PLASTICA T30 NEGRA;UNIDAD;BOLSA BASURA;ASEO Y CAFETERIA
3695;BOLSA PLASTICA T40 BLANCA;UNIDAD;BOLSA BASURA;ASEO Y CAFETERIA
2965;BOLSA PLASTICA T40 NEGRA;UNIDAD;BOLSA BASURA;ASEO Y CAFETERIA
3694;BOLSA PLASTICA T50 BLANCA;UNIDAD;BOLSA BASURA;ASEO Y CAFETERIA
3235;BOLSA PRECORTE 40 CM X 50 CM CAL 1.0 X KILO;KILOS;BOLSA BASURA;ASEO Y CAFETERIA
1890;BONDI CLOROGEL NATURAL X 950 ML;BOTELLA;ASEO;ASEO Y CAFETERIA
3795;BOTELLON DE AGUA 20 LT SIN ENVASE;UNIDAD;CAFETERIA;ASEO Y CAFETERIA
3789;BOTELLON PLASTICO 20 LT CON AGUA;UNIDAD;CAFETERIA;ASEO Y CAFETERIA
3857;BRILLA KING ANTI HONGOS X 500 ML;FRASCO;ASEO;ASEO Y CAFETERIA
2575;BRILLA METAL X 25O GR;UNIDAD;ASEO;ASEO Y CAFETERIA
3810;BRILLA METAL X 50 GR;UNIDAD;ASEO;ASEO Y CAFETERIA
3145;BRILLADOR DE LLANTAS MORITA X 1.000 ML BMAX;BOTELLA;ASEO;ASEO Y CAFETERIA
3189;BRILLADOR DE LLANTAS MORITA X 500 ML BMAX;FRASCO;ASEO;ASEO Y CAFETERIA
1871;CABO ALUMINIO 0.75 MT;UNIDAD;ASEO;ASEO Y CAFETERIA
2800;CABO ALUMINIO 1.40 MT;UNIDAD;ASEO;ASEO Y CAFETERIA
2273;CABO MADERA 1.40 MT CON TAPON Y ADAPTADOR;UNIDAD;ASEO;ASEO Y CAFETERIA
1865;CABO METALICO 1.40 MT PINTURA ELECTROSTATICA;UNIDAD;ASEO;ASEO Y CAFETERIA
2651;CABO METALICO REPARADO;UNIDAD;ASEO;ASEO Y CAFETERIA
3135;CACAO AMARGO EN GRANO X 500 GR;PAQUETE;CAFETERIA;ASEO Y CAFETERIA
2973;CAFE DESCAFEINADO X 170 GR;FRASCO;CAFETERIA;ASEO Y CAFETERIA
2455;CAFE FRASCO X 170 GR;FRASCO;CAFETERIA;ASEO Y CAFETERIA
3024;CAFE FUERTE X 2.500 GR;BOLSA;CAFETERIA;ASEO Y CAFETERIA
2914;CAFE GRANULADO STICK X 1.5 GR CAJA X 144 UN;CAJA;CAFETERIA;ASEO Y CAFETERIA
2740;CAFE GRANULADO STICK X 1.5 GR CAJA X 24 UN;CAJA;CAFETERIA;ASEO Y CAFETERIA
3619;CAFE GRANULADO STICK X 1.5 GR CAJA X 48 UN;CAJA;CAFETERIA;ASEO Y CAFETERIA
1999;CAFE INSTANTANEO X 500 GRS;LIBRAS;ASEO;ASEO Y CAFETERIA
2966;CAFE MOLIDO AGUILA ROJA X 2.500 GR;BOLSA;CAFETERIA;ASEO Y CAFETERIA
2468;CAFE MOLIDO MEDIO X 2.500 GR;PAQUETE;CAFETERIA;ASEO Y CAFETERIA
3124;CAFE MOLIDO X 500 GR;FRASCO;CAFETERIA;ASEO Y CAFETERIA
3510;CALDO KNOR X 1500 GR;BOLSA;CAFETERIA;ASEO Y CAFETERIA
3174;CANASTA METALICA MEDIANA CON CAPACHO;UNIDAD;ASEO;ASEO Y CAFETERIA
3448;CANASTILLA INDUSTRIAL ROMBOS 60 X 40 X 41 CM GRIS;UNIDAD;ASEO;ASEO Y CAFETERIA
3220;CANECA REDONDA AZUL 160 LT C/TAPA;UNIDAD;ASEO;ASEO Y CAFETERIA
3426;CANECA REDONDA AZUL 20 LT CON TAPA;UNIDAD;ASEO;ASEO Y CAFETERIA
2643;CANECA REDONDA GRIS 100 LT CON TAPA;UNIDAD;ASEO;ASEO Y CAFETERIA
3549;CANECA REDONDA ROJA 160 LT C/TAPA;UNIDAD;ASEO;ASEO Y CAFETERIA
2600;CANECA REDONDA ROJA 60 LT CON TAPA;UNIDAD;ASEO;ASEO Y CAFETERIA
3580;CANECA REDONDA VERDE 120 LT CON TAPA;UNIDAD;ASEO;ASEO Y CAFETERIA
2690;CANELA EN ASTILLA X 15 GR;BOLSA;CAFETERIA;ASEO Y CAFETERIA
3066;CANELA EN POLVO X 500 GR;BOLSA;CAFETERIA;ASEO Y CAFETERIA
3272;CANELA MOLIDA PAQ X 45 GR;PAQUETE;CAFETERIA;ASEO Y CAFETERIA
3405;CARBONATO DE MAGNESIO X 250 GR;PAQUETE;ASEO;ASEO Y CAFETERIA
3434;CEPIILO MEGA CARRETERO CERDA DURA CON CABO;UNIDAD;ASEO;ASEO Y CAFETERIA
3838;CEPILLO BRILLA CALZADO TODOS;UNIDAD;ASEO;ASEO Y CAFETERIA
2680;CEPILLO DE ALAMBRE PARA PISO CABO MADERA;UNIDAD;ASEO;ASEO Y CAFETERIA
2701;CEPILLO DE MANO CERDA DE ALAMBRE;UNIDAD;ASEO;ASEO Y CAFETERIA
3008;CEPILLO DE MANO ESQUINERO CERDA ALAMBRE LARGO;UNIDAD;ASEO;ASEO Y CAFETERIA
1845;CEPILLO DE MANO TIPO PLANCHA;UNIDAD;ASEO;ASEO Y CAFETERIA
1870;"CEPILLO DURO OBLICUO 10"" CON BANDA DE CAUCHO REPUESTO";UNIDAD;ASEO;ASEO Y CAFETERIA
3180;CEPILLO ESQUINERO MANGO LARGO;UNIDAD;ASEO;ASEO Y CAFETERIA
2055;CEPILLO ESQUINERO PEQUEÑO;UNIDAD;ASEO;ASEO Y CAFETERIA
1940;CEPILLO PARA BAÑO TODOS;UNIDAD;ASEO;ASEO Y CAFETERIA
3816;CEPILLO PARA CALLE 1014 FULLER CON BANDA C/C;UNIDAD;ASEO;ASEO Y CAFETERIA
1748;"CEPILLO PARA PISO CON BANDA 10"" REPUESTO";UNIDAD;ASEO;ASEO Y CAFETERIA
3532;CEPILLO PARA PISO CON BANDA CABO DE MADERA;UNIDAD;ASEO;ASEO Y CAFETERIA
2337;CEPILLO PARA PISO SIN BANDA CABO MADERA;UNIDAD;ASEO;ASEO Y CAFETERIA
3844;CEPILLO PARA PISO SIN BANDA REPUESTO;UNIDAD;ASEO;ASEO Y CAFETERIA
3154;CEPILLO SACUDIDOR DE FIBRAS LARGAS;UNIDAD;ASEO;ASEO Y CAFETERIA
2683;CERA MANSION X 2.000 ML BLANCA;UNIDAD;ASEO;ASEO Y CAFETERIA
3002;CERA MANSION X 800 ML BLANCA;BOLSA;ASEO;ASEO Y CAFETERIA
2211;CERA ROJA PARA PISOS X 800 GRS;UNIDAD;ASEO;ASEO Y CAFETERIA
1804;CHAMPU PANTENE 400 ML;UNIDAD;ASEO;ASEO Y CAFETERIA
1715;CHAMPU PARA MANOS EN CUÑETE;UNIDAD;ASEO;ASEO Y CAFETERIA
3015;CHOCOLATE EN PASTA X 250 GR;UNIDAD;CAFETERIA;ASEO Y CAFETERIA
2834;CHOCOLATE EN POLVO X 230 GR;BOLSA;CAFETERIA;ASEO Y CAFETERIA
2020;CHOCOLATINA JET Nº 1 PAQ X 50 UN;PAQUETE;ASEO;ASEO Y CAFETERIA
2703;CHUPA PARA BAÑO CON CABO;UNIDAD;ASEO;ASEO Y CAFETERIA
3157;CITRONELA X 500 CC;BOTELLA;ASEO;ASEO Y CAFETERIA
2306;CLORO EN PASTA X KILO;KILOS;ASEO;ASEO Y CAFETERIA
3361;CLORO GRANULADO AL 91% X KL;BOLSA;ASEO;ASEO Y CAFETERIA
3674;CLORO GRANULAR PURICLOR AL 70% X 40 KL;CANECA;ASEO;ASEO Y CAFETERIA
3144;CLOROX X 3.800 ML;GALON;ASEO;ASEO Y CAFETERIA
3840;CLORURO DE BENZALCONIO X 1.000 ML BMAX;BOTELLA;ASEO;ASEO Y CAFETERIA
3560;CLORURO DE BENZALCONIO X 20 LT BMAX;CANECA;ASEO;ASEO Y CAFETERIA
3561;CLORURO DE BENZALCONIO X 3.800 ML BMAX;GALON;ASEO;ASEO Y CAFETERIA
3602;COLADOR PLASTICO N° 25;UNIDAD;ASEO;ASEO Y CAFETERIA
3739;CONTENEDOR 120 LT BLANCO TAPA TIPO CUPULA;UNIDAD;ASEO;ASEO Y CAFETERIA
3620;CONTENEDOR 120 LT NEGRO TAPA TIPO CUPULA;UNIDAD;ASEO;ASEO Y CAFETERIA
3669;CONTENEDOR 120 LT ROJO TAPA TIPO CUPULA;UNIDAD;ASEO;ASEO Y CAFETERIA
3490;CONTENEDOR 120 LT VERDE TAPA TIPO CUPULA;UNIDAD;ASEO;ASEO Y CAFETERIA
3071;CONTENEDOR CON RUEDAS 120 LT ROJO CON TAPA;UNIDAD;ASEO;ASEO Y CAFETERIA
1983;CONTENEDOR CON RUEDAS 121 LT NEGRO CON TAPA;UNIDAD;ASEO;ASEO Y CAFETERIA
2546;CONTENEDOR CON RUEDAS 170 LT;UNIDAD;ASEO;ASEO Y CAFETERIA
3329;CONTENEDOR CON RUEDAS 180 LT GRIS;UNIDAD;ASEO;ASEO Y CAFETERIA
3140;CONTENEDOR CON RUEDAS 240 LT VERDE CON TAPA;UNIDAD;ASEO;ASEO Y CAFETERIA
3853;CONTENEDOR DESECHABLE 1/2 LT C/T PAQ X 20 UN;PAQUETE;CAFETERIA;ASEO Y CAFETERIA
1427;CORTINA PLASTICA PARA BAÑO;UNIDAD;ASEO;ASEO Y CAFETERIA
1717;CREMA DESMANCHADORA FROTEX X 1000 GR;UNIDAD;ASEO;ASEO Y CAFETERIA
1881;CREMA DESMANCHADORA FROTEX X 250 GR;UNIDAD;ASEO;ASEO Y CAFETERIA
2151;CREMA DESMANCHADORA FROTEX X 550 GR;UNIDAD;ASEO;ASEO Y CAFETERIA
3360;CRESO PURO CREOLINA X 1.900 ML;BOTELLA;ASEO;ASEO Y CAFETERIA
3226;CRESO PURO X 1.9 LT;BOTELLA;ASEO;ASEO Y CAFETERIA
3286;CRISTALPISOS X 1.000 ML BICARBONATO BERHLAN;UNIDAD;ASEO;ASEO Y CAFETERIA
3415;CRISTALPISOS X 1.000 ML BRISA MARINA BERHLAN ;UNIDAD;ASEO;ASEO Y CAFETERIA
3287;CRISTALPISOS X 1.000 ML FLORAL BERHLAN;UNIDAD;ASEO;ASEO Y CAFETERIA
2439;CRISTALPISOS X 1.000 ML KIWI BERHLAN;UNIDAD;ASEO;ASEO Y CAFETERIA
2477;CRISTALPISOS X 1.000 ML LAVANDA BERHLAN;UNIDAD;ASEO;ASEO Y CAFETERIA
1621;CRISTALPISOS X 19 LT BICARBONATO BERHLAN;CANECA;ASEO;ASEO Y CAFETERIA
3530;CRISTALPISOS X 19 LT BRISA MARINA BERHLAN;CANECA;ASEO;ASEO Y CAFETERIA
3318;CRISTALPISOS X 19 LT CITRONELA BERHLAN;CANECA;ASEO;ASEO Y CAFETERIA
3698;CRISTALPISOS X 19 LT FLORAL BERHLAN;CANECA;ASEO;ASEO Y CAFETERIA
3319;CRISTALPISOS X 19 LT KIWI BERHLAN;CANECA;ASEO;ASEO Y CAFETERIA
3389;CRISTALPISOS X 19 LT LAVANDA BERHLAN;CANECA;ASEO;ASEO Y CAFETERIA
2320;CRISTALPISOS X 2.000 ML BERHLAN;BOTELLA;ASEO;ASEO Y CAFETERIA
3325;CRISTALPISOS X 3.800 ML BICARBONATO BERHLAN;GALON;ASEO;ASEO Y CAFETERIA
3416;CRISTALPISOS X 3.800 ML BRISA MARINA BERHLAN;GALON;ASEO;ASEO Y CAFETERIA
3444;CRISTALPISOS X 3.800 ML CITRICO BERHLAN;GALON;ASEO;ASEO Y CAFETERIA
3355;CRISTALPISOS X 3.800 ML CITRONELA BERHLAN;GALON;ASEO;ASEO Y CAFETERIA
3445;CRISTALPISOS X 3.800 ML FLORAL BERHLAN;GALON;ASEO;ASEO Y CAFETERIA
1337;CRISTALPISOS X 3.800 ML KIWI BERHLAN;GALON;ASEO;ASEO Y CAFETERIA
1338;CRISTALPISOS X 3.800 ML LAVANDA BERHLAN;GALON;ASEO;ASEO Y CAFETERIA
2325;CRISTALVIDRIOS BRISA MARINA X 1.000 ML BERHLAN;FRASCO;ASEO;ASEO Y CAFETERIA
2476;CRISTALVIDRIOS BRISA MARINA X 19 LT BERHLAN;CANECA;ASEO;ASEO Y CAFETERIA
2334;CRISTALVIDRIOS BRISA MARINA X 2.000 ML BERHLAN;FRASCO;ASEO;ASEO Y CAFETERIA
1350;CRISTALVIDRIOS BRISA MARINA X 3.800 ML BERHLAN;GALON;ASEO;ASEO Y CAFETERIA
2297;CRISTALVIDRIOS CITRICO X 3.800 ML BERHLAN;GALON;ASEO;ASEO Y CAFETERIA
3491;CUCHARA METALICA N° 3;UNIDAD;ASEO;ASEO Y CAFETERIA
3300;CUCHARA PLASTICA PEQUEÑA PAQ X 100 UN;PAQUETE;CAFETERIA;ASEO Y CAFETERIA
2727;DESENGRASANTE INDUSTRIAL X 19 LT BMAX;CANECA;ASEO;ASEO Y CAFETERIA
2762;DESENGRASANTE INDUSTRIAL X 3.800 ML BMAX;GALON;ASEO;ASEO Y CAFETERIA
3315;DESENGRASANTE NEUTRO X 19 LT BMAX;CANECA;ASEO;ASEO Y CAFETERIA
3813;DESENGRASANTE PLUS X 20 LT;CANECA;ASEO;ASEO Y CAFETERIA
3190;DESENGRASANTE X 1.000 ML BMAX;BOTELLA;ASEO;ASEO Y CAFETERIA
2570;DESENGRASANTE X 19 LT BERHLAN;CANECA;ASEO;ASEO Y CAFETERIA
2629;DESENGRASANTE X 2.000 ML BERHLAN;BOTELLA;ASEO;ASEO Y CAFETERIA
2441;DESENGRASANTE X 3.800 ML BERHLAN;GALON;ASEO;ASEO Y CAFETERIA
3146;DESENGRASANTE X 500 ML BMAX;UNIDAD;ASEO;ASEO Y CAFETERIA
2466;DESIFRUVER DESINFECTANTE DE FRUTAS Y VERDURAS X 3800 ML;GALON;ASEO;ASEO Y CAFETERIA
3657;DESINFECTANTE A BASE DE AMONIO SOLUC-DES X 20 LT;CANECA;ASEO;ASEO Y CAFETERIA
3867;DESINFECTANTE AMONIO CUATERNARIO X 3.800 ML;GALON;ASEO;ASEO Y CAFETERIA
3047;DESINFECTANTE GERMIZAN X 19 LT BERHLAN;CANECA;ASEO;ASEO Y CAFETERIA
2493;DESINFECTANTE GERMIZAN X 2.000 ML BERH;BOTELLA;ASEO;ASEO Y CAFETERIA
1348;DESINFECTANTE GERMIZAN X 3.800 ML BERHLAN;GALON;ASEO;ASEO Y CAFETERIA
2417;DESINFECTANTE GERMIZAN X 500 ML;BOTELLA;ASEO;ASEO Y CAFETERIA
2745;DESMANCHADOR DESENGRASANTE P-MAX X 1.000 ML;BOTELLA;ASEO;ASEO Y CAFETERIA
3435;DESMANCHADOR DESENGRASANTE P-MAX X 19 LT;CANECA;ASEO;ASEO Y CAFETERIA
3508;DESMANCHADOR DESENGRASANTE P-MAX X 3.800 ML;GALON;ASEO;ASEO Y CAFETERIA
2601;DESMANCHADOR PISOS X 1.000 ML REMOCEN;FRASCO;ASEO;ASEO Y CAFETERIA
3354;DESMANCHADOR PISOS X 19 LT REMOCEN ;CANECA;ASEO;ASEO Y CAFETERIA
1346;DESMANCHADOR PISOS X 3.800 ML REMOCEN;GALON;ASEO;ASEO Y CAFETERIA
2802;DESMANCHADOR VANISH X 1.800 ML;UNIDAD;ASEO;ASEO Y CAFETERIA
3199;DESODORANTE AEROSOL DEO PIES X 260 ML ;FRASCO;ASEO;ASEO Y CAFETERIA
3358;DESTAPACAÑERIAS X 500 ML;FRASCO;ASEO;ASEO Y CAFETERIA
3658;DETERGENTE ALCALINO DERTEX LV X 20 LT;CANECA;ASEO;ASEO Y CAFETERIA
2039;DETERGENTE C/BLANQUEADOR ROPA COLOR 19 LTS;CANECA;ASEO;ASEO Y CAFETERIA
2338;DETERGENTE C/BLANQUEADOR ROPA COLOR X 3800 ML;GALON;ASEO;ASEO Y CAFETERIA
1908;DETERGENTE CONCENTRADO ANTIBACTERIAL X 3.800 ML BERHLAN;GALON;ASEO;ASEO Y CAFETERIA
2456;DETERGENTE EN POLVO 1A X 500 GR;UNIDAD;ASEO;ASEO Y CAFETERIA
2469;DETERGENTE EN POLVO 1A X 750 GR;UNIDAD;ASEO;ASEO Y CAFETERIA
2904;DETERGENTE EN POLVO FAB X 4000 GR;BOLSA;ASEO;ASEO Y CAFETERIA
1347;DETERGENTE EN POLVO X 1.000 GR BONDI ;BOLSA;ASEO;ASEO Y CAFETERIA
2479;DETERGENTE EN POLVO X 1.000 GR DERSA;BOLSA;ASEO;ASEO Y CAFETERIA
2402;DETERGENTE EN POLVO X 1.000 GR TENAX;BOLSA;ASEO;ASEO Y CAFETERIA
2209;DETERGENTE EN POLVO X 20 KG DERSA;BOLSA;ASEO;ASEO Y CAFETERIA
1417;DETERGENTE EN POLVO X 20 KG DETERMIX;BOLSA;ASEO;ASEO Y CAFETERIA
2049;DETERGENTE EN POLVO X 20 KG GOL;BOLSA;ASEO;ASEO Y CAFETERIA
3218;DETERGENTE EN POLVO X 250 GR;BOLSA;ASEO;ASEO Y CAFETERIA
1380;DETERGENTE EN POLVO X 3.000 GR BONAROPA;BOLSA;ASEO;ASEO Y CAFETERIA
2843;DETERGENTE EN POLVO X 3.000 GR DERSA;BOLSA;ASEO;ASEO Y CAFETERIA
3665;DETERGENTE EN POLVO X 4.000 GR DERSA;BOLSA;ASEO;ASEO Y CAFETERIA
3437;DETERGENTE EN POLVO X 5 KG DERSA;BOLSA;ASEO;ASEO Y CAFETERIA
2470;DETERGENTE EN POLVO X 500 GR;BOLSA;ASEO;ASEO Y CAFETERIA
2129;DETERGENTE EN POLVO X 500 GR TENAX;BOLSA;ASEO;ASEO Y CAFETERIA
2396;DETERGENTE LIQUIDO LAVADORA FLORAL X 4.000 ML BERHLAN;GALON;ASEO;ASEO Y CAFETERIA
2592;DETERGENTE LIQUIDO LAVADORA X 19 LTS BERHLAN;CANECA;ASEO;ASEO Y CAFETERIA
2639;DETERGENTE LIQUIDO LAVADORA X 2000 ML BERHLAN;BOTELLA;ASEO;ASEO Y CAFETERIA
2593;DETERGENTE LIQUIDO LAVADORA X 3.800 ML ;GALON;ASEO;ASEO Y CAFETERIA
2128;DETERGENTE NEUTRO TODO USO X 20 LT WAS ;CANECA;ASEO;ASEO Y CAFETERIA
2747;DETERGENTE ROPA X 19 LT BMAX;CANECA;ASEO;ASEO Y CAFETERIA
2938;DETERGENTE ROPA X 3.800 ML BMAX;GALON;ASEO;ASEO Y CAFETERIA
1653;DISPENSADOR ACRILICO PARED X 350 ML;UNIDAD;ASEO;ASEO Y CAFETERIA
3131;DISPENSADOR AUTOMATICO AIRWICK;UNIDAD;ASEO;ASEO Y CAFETERIA
1626;DISPENSADOR AUTOMATICO BONAIRE;UNIDAD;ASEO;ASEO Y CAFETERIA
2814;DISPENSADOR AUTOMATICO PARA AMBIENTADOR GLADE;UNIDAD;ASEO;ASEO Y CAFETERIA
3579;DISPENSADOR DE JABON DE REENVASE BLANCO ELITE;UNIDAD;ELITE;ASEO Y CAFETERIA
1642;DISPENSADOR DE JABON LIQUIDO X 1.000 ML;UNIDAD;ASEO;ASEO Y CAFETERIA
1624;DISPENSADOR DE JABON O GEL X 500 CC;UNIDAD;ASEO;ASEO Y CAFETERIA
2735;DISPENSADOR DE JABON REENVASE BLANCO ELITE;UNIDAD;ELITE;ASEO Y CAFETERIA
1654;DISPENSADOR DE JABON REENVASE CROMADO ELITE;UNIDAD;ELITE;ASEO Y CAFETERIA
2771;DISPENSADOR DE SERVILLETAS INTERF PEQUEÑO ;UNIDAD;ELITE;ASEO Y CAFETERIA
2657;DISPENSADOR PAPEL HIGIENICO JUMBO DE LUJO ;UNIDAD;ELITE;ASEO Y CAFETERIA
2734;DISPENSADOR TOALLA INTERFOLIADA BLANCO;UNIDAD;ELITE;ASEO Y CAFETERIA
2567;DULCEABRIGO 30 CM X 35 CM COLORES SURTIDOS;UNIDAD;ASEO;ASEO Y CAFETERIA
2898;DULCEABRIGO 35 CM X 50 CM COLORES SURTIDOS;UNIDAD;ASEO;ASEO Y CAFETERIA
2294;DULCEABRIGO 35 CM X 70 CM COLORES SURTIDOS;UNIDAD;ASEO;ASEO Y CAFETERIA
2577;DULCEABRIGO 40 CM X 70 CM BLANCO;UNIDAD;ASEO;ASEO Y CAFETERIA
3529;DULCEABRIGO 50 CM X 70 CM BLANCO;UNIDAD;ASEO;ASEO Y CAFETERIA
2374;DULCEABRIGO 50 CM X 70 CM ROJO;UNIDAD;ASEO;ASEO Y CAFETERIA
2509;DULCEABRIGO 65 CM X 70 CM COLORES SURTIDOS;UNIDAD;ASEO;ASEO Y CAFETERIA
3069;DULCES COFFEE DELIGH PAQ X 100 UN;PAQUETE;CAFETERIA;ASEO Y CAFETERIA
3081;DULCES COFFEE DELIGH PAQ X 300 UN;PAQUETE;CAFETERIA;ASEO Y CAFETERIA
2021;DULCES COLOMBINA PAQ X 100 UN;PAQUETE;CAFETERIA;ASEO Y CAFETERIA
3082;DULCES COLOMBINA PAQ X 200 UN;PAQUETE;CAFETERIA;ASEO Y CAFETERIA
3439;DULCES COLOMBINA PAQ X 50 UN;BOLSA;CAFETERIA;ASEO Y CAFETERIA
3070;DULCES MENTA HELADA PAQ X 100 UN;PAQUETE;CAFETERIA;ASEO Y CAFETERIA
3083;DULCES MENTA HELADA PAQ X 200 UN;PAQUETE;CAFETERIA;ASEO Y CAFETERIA
3321;DULCES MENTA HELADA PAQ X 300 UN;PAQUETE;CAFETERIA;ASEO Y CAFETERIA
3187;DULCES TRULULU FEROZ PAQ X 50 UN;BOLSA;CAFETERIA;ASEO Y CAFETERIA
3186;DULCES TRULULU PIRAMIDE PAQ X 50 UN;BOLSA;CAFETERIA;ASEO Y CAFETERIA
3068;ELIMINADOR DE OLOR AMONIO CUATERNARIO X 19 LT BMAX;CANECA;ASEO;ASEO Y CAFETERIA
2711;ELIMINADOR DE OLOR AMONIO CUATERNARIO X 3.800 ML;GALON;ASEO;ASEO Y CAFETERIA
2006;ELIMINADOR DE OLOR X 300 ML AEROSOL;FRASCO;ASEO;ASEO Y CAFETERIA
3692;EMBUDO PLASTICO GRANDE;UNIDAD;ASEO;ASEO Y CAFETERIA
2538;EMBUDO PLASTICO MEDIANO;UNIDAD;ASEO;ASEO Y CAFETERIA
3005;EMPAQUE PARA MANGUERA X PAQUETE;PAQUETE;ASEO;ASEO Y CAFETERIA
3876;ENDULZANTE FRASCO X 180 GR ;FRASCO;CAFETERIA;ASEO Y CAFETERIA
3629;ENVASE PLASTICO DE 250 CC VALVULA DOSIFICADORA;UNIDAD;ASEO;ASEO Y CAFETERIA
1811;ESCOBA CON CABO DE MADERA TODAS;UNIDAD;ASEO;ASEO Y CAFETERIA
3540;ESCOBA DE IRAKA CON CABO DE MADERA;UNIDAD;ASEO;ASEO Y CAFETERIA
2574;ESCOBA DURA ECOLOGICA CABO DE MADERA;UNIDAD;ASEO;ASEO Y CAFETERIA
3450;ESCOBA DURA LARGA ECOLOGICA REPUESTO;UNIDAD;ASEO;ASEO Y CAFETERIA
2934;ESCOBA DURA TIPO ZULIA CABO MADERA;UNIDAD;ASEO;ASEO Y CAFETERIA
2596;ESCOBA METALICA COMPLETA;UNIDAD;ASEO;ASEO Y CAFETERIA
2791;ESCOBA PLANA NEGRA CABO MADERA;UNIDAD;ASEO;ASEO Y CAFETERIA
3843;"ESCOBA SEMI ZULIA DURA REPUESTO 10""";UNIDAD;ASEO;ASEO Y CAFETERIA
3517;"ESCOBA SEMI ZULIA SUAVE 10"" REPUESTO";UNIDAD;ASEO;ASEO Y CAFETERIA
1869;"ESCOBA SUAVE OBLICUA 12"" REPUESTO";UNIDAD;ASEO;ASEO Y CAFETERIA
1868;"ESCOBA SUAVE TIPO ZULIA REPUESTO 11""";UNIDAD;ASEO;ASEO Y CAFETERIA
1867;"ESCOBA TR DURA 11"" REPUESTO";UNIDAD;ASEO;ASEO Y CAFETERIA
3166;ESCOBILLON DE TECHO CABO MADERA;UNIDAD;ASEO;ASEO Y CAFETERIA
1386;ESCOBILLON DE TECHO CON EXTENSION;UNIDAD;ASEO;ASEO Y CAFETERIA
2125;ESCOBILLON PARA GRECA;UNIDAD;ASEO;ASEO Y CAFETERIA
2603;ESCURRIDOR CON BANDA DE CAUCHO 1 MT X 1.50 MT;UNIDAD;ASEO;ASEO Y CAFETERIA
1879;ESCURRIDOR CON BANDA DE CAUCHO 52 CM X 1.50 MT;UNIDAD;ASEO;ASEO Y CAFETERIA
3601;ESCURRIDOR CON BANDA DE CAUCHO 60 CM X 1.50 MT;UNIDAD;ASEO;ASEO Y CAFETERIA
2164;ESCURRIDOR CON BANDA DE CAUCHO 75 CM X 1.50 MT;UNIDAD;ASEO;ASEO Y CAFETERIA
3851;ESCURRIDOR PLASTICO PARA BALDE;UNIDAD;ASEO;ASEO Y CAFETERIA
2903;ESCURRIDOR PLASTICO PARA COCINA;UNIDAD;ASEO;ASEO Y CAFETERIA
2080;ESPONJA ALAMBRE PAQ X 12 UND;PAQUETE;ASEO;ASEO Y CAFETERIA
1841;ESPONJA ALUMINIO PQ X 12 UN;PAQUETE;ASEO;ASEO Y CAFETERIA
2352;ESPONJA DE ACERO INOXIDABLE;UNIDAD;ASEO;ASEO Y CAFETERIA
3423;ESPONJA DE ALAMBRE X UNIDAD;UNIDAD;ASEO;ASEO Y CAFETERIA
3441;ESPONJA DE FIBRA MEGA ETERNA;UNIDAD;ASEO;ASEO Y CAFETERIA
1693;ESPONJA DE FIBRA ORO PLATA;UNIDAD;ASEO;ASEO Y CAFETERIA
1947;ESPONJA DE FIBRA TODAS;UNIDAD;ASEO;ASEO Y CAFETERIA
3056;ESPONJA DOBLE USO X UNIDAD;UNIDAD;ASEO;ASEO Y CAFETERIA
2351;ESPONJA LA MAQUINA X UNIDAD;UNIDAD;ASEO;ASEO Y CAFETERIA
1880;ESPONJA MALLA LIMPIAHOGAR X UNIDAD;UNIDAD;ASEO;ASEO Y CAFETERIA
2871;ESPONJA MALLA PIUREX X 2 UN;PAQUETE;ASEO;ASEO Y CAFETERIA
3842;ESPONJA QUITA MANCHAS BORRADOR ETERNA X 2 UN;PAQUETE;ASEO;ASEO Y CAFETERIA
2961;ESPONJA SCOTCH BRITE;UNIDAD;ASEO;ASEO Y CAFETERIA
2437;ESPONJILLA DE ACERO INOXIDABLE TODAS;UNIDAD;ASEO;ASEO Y CAFETERIA
1812;ESPONJILLA DE BRILLO TODAS X UNIDAD;UNIDAD;ASEO;ASEO Y CAFETERIA
3654;ESPONJILLA MAQUINA INSTITUCIONAL ROLLO X 5 MT SCOTCH BRITE;ROLLO;ASEO;ASEO Y CAFETERIA
3322;FILTRO ANTISALPICADURAS PARA URINAL;UNIDAD;ASEO;ASEO Y CAFETERIA
2912;FILTRO DE PAPEL PARA GRECA TIPO CANASTILLA X 100 UN;PAQUETE;CAFETERIA;ASEO Y CAFETERIA
3001;FILTRO DE PAPEL PARA GRECA TIPO CANASTILLA X 40 UN;PAQUETE;CAFETERIA;ASEO Y CAFETERIA
2367;FILTRO PARA GRECA MEDIANO 60 TINTOS;UNIDAD;CAFETERIA;ASEO Y CAFETERIA
3741;FUMIGADORA 2.0 LT CON VALVULA;UNIDAD;ASEO;ASEO Y CAFETERIA
3623;FUMIGADORA BELLOTA 5 LT CON VALVULA REGULADORA;UNIDAD;ASEO;ASEO Y CAFETERIA
3631;FUMIGADORA DUKE 3 LT CON VALVULA REGULADORA;UNIDAD;ASEO;ASEO Y CAFETERIA
2876;GALLETA CLUB SOCIAL X 9;PAQUETE;CAFETERIA;ASEO Y CAFETERIA
2379;GALLETA DUX INTEGRAL;UNIDAD;CAFETERIA;ASEO Y CAFETERIA
2831;GALLETAS SALTIN X 5 TACOS;PAQUETE;ASEO;ASEO Y CAFETERIA
3603;GARRAFA PLASTICA CON TAPA;UNIDAD;ASEO;ASEO Y CAFETERIA
3539;GEL ANTIBACTERIAL NEUTRO X 500 ML BERHLAN;UNIDAD;ASEO;ASEO Y CAFETERIA
3599;GEL ANTIBACTERIAL WEST X 850 ML;UNIDAD;ASEO;ASEO Y CAFETERIA
3320;GEL ANTIBACTERIAL X 1.000 ML BERHLAN;UNIDAD;ASEO;ASEO Y CAFETERIA
3252;GEL ANTIBACTERIAL X 1.000 ML BMAX;BOTELLA;ASEO;ASEO Y CAFETERIA
3557;GEL ANTIBACTERIAL X 19 LT BERHLAN;CANECA;ASEO;ASEO Y CAFETERIA
3569;GEL ANTIBACTERIAL X 19 LT BMAX;GALON;ASEO;ASEO Y CAFETERIA
2983;GEL ANTIBACTERIAL X 2.000 ML BMAX;FRASCO;ASEO;ASEO Y CAFETERIA
2002;GEL ANTIBACTERIAL X 3.800 ML BERHLAN;GALON;ASEO;ASEO Y CAFETERIA
3232;GEL ANTIBACTERIAL X 3.800 ML BMAX;GALON;ASEO;ASEO Y CAFETERIA
3182;GEL ANTIBACTERIAL X 500 ML BMAX;UNIDAD;ASEO;ASEO Y CAFETERIA
3134;GRANO DE CHIA X 500 GR;LIBRAS;CAFETERIA;ASEO Y CAFETERIA
3815;GRASOFF ESPUMA CLORADA X 20 LT;CANECA;ASEO;ASEO Y CAFETERIA
2875;GRECA ELECTRICA MEDIANA 20-30 TINTOS;UNIDAD;CAFETERIA;ASEO Y CAFETERIA
3359;HERBICIDA LIQUIDO CONTROL MALEZA X LT;FRASCO;ASEO;ASEO Y CAFETERIA
2572;HIPOCLORITO DE SODIO 13 % X 19 LT;CANECA;ASEO;ASEO Y CAFETERIA
2336;HIPOCLORITO DE SODIO 13 % X 2.000 ML;BOTELLA;ASEO;ASEO Y CAFETERIA
1714;HIPOCLORITO DE SODIO 13 % X 3.800 ML BERHLAN;GALON;ASEO;ASEO Y CAFETERIA
2728;HIPOCLORITO DE SODIO 15 % X 19 LT;CANECA;ASEO;ASEO Y CAFETERIA
2719;HIPOCLORITO DE SODIO 15 % X 3.800 ML;GALON;ASEO;ASEO Y CAFETERIA
3007;HIPOCLORITO DE SODIO 5.25 % X 19 LT BERHLAN;CANECA;ASEO;ASEO Y CAFETERIA
1793;HIPOCLORITO DE SODIO 5.25 % X 3.850 ML;GALON;ASEO;ASEO Y CAFETERIA
2377;HIT EN CAJA X 200 ML;CAJA;ASEO;ASEO Y CAFETERIA
2887;INSECTICIDA CONTRA RASTREROS X 360 ML;FRASCO;ASEO;ASEO Y CAFETERIA
1445;INSECTICIDA CONTRA VOLADORES X 360 ML;UNIDAD;ASEO;ASEO Y CAFETERIA
2413;INSTACREM FRASCO X 450 GR;FRASCO;ASEO;ASEO Y CAFETERIA
2344;INSTACREM SOBRE X 100 UN;PAQUETE;ASEO;ASEO Y CAFETERIA
3656;JABON ANTIBACTERIAL AMONIO BURBUJAS X 20 LT;CANECA;ASEO;ASEO Y CAFETERIA
3814;JABON ANTIBACTERIAL CORY X 850 ML;BOLSA;ASEO;ASEO Y CAFETERIA
2462;JABON ANTIBACTERIAL CREMA HUMECTANTE MULTIFLEX X 1000 ML;BOTELLA;ELITE;ASEO Y CAFETERIA
1963;JABON ANTIBACTERIAL ELITE X 800 ML;UNIDAD;ELITE;ASEO Y CAFETERIA
2008;JABON ANTIBACTERIAL MULTIFLEX X 1000 ML;BOTELLA;ELITE;ASEO Y CAFETERIA
3397;JABON BARRA AZUL X 300 GR;UNIDAD;ASEO;ASEO Y CAFETERIA
3161;JABON BARRA AZUL X 300 GR CAJA X 50 UN;CAJA;ASEO;ASEO Y CAFETERIA
1620;JABON COCO;UNIDAD;ASEO;ASEO Y CAFETERIA
3598;JABON CON CLORHEXIDINA AL 2% WESCOHEX X 850 ML;UNIDAD;ASEO;ASEO Y CAFETERIA
1998;JABON DE MANOS TIPO HOTEL;UNIDAD;ASEO;ASEO Y CAFETERIA
1691;JABON DETERGENTE AS X 5000 GR;BOLSA;ASEO;ASEO Y CAFETERIA
2599;JABON ESPUMA ANTIBACTERIAL CPC MULTIFLEX X 1.000 ML ELITE;BOTELLA;ELITE;ASEO Y CAFETERIA
1324;JABON ESPUMA DERMO REP X 800 ML;UNIDAD;ASEO;ASEO Y CAFETERIA
1906;JABON ESPUMA ELITE MULTIFLEX X 1000 ML;BOTELLA;ELITE;ASEO Y CAFETERIA
2480;JABON ESPUMA PARA BAÑO X 2.000 ML;BOTELLA;ASEO;ASEO Y CAFETERIA
3075;JABON ESPUMA SUAVE X 1.000 ML TORK REF 80530;UNIDAD;ASEO;ASEO Y CAFETERIA
2411;JABON GLICERINA ELITE GALON X 3.800 ML;GALON;ELITE;ASEO Y CAFETERIA
2147;JABON GLICERINA ELITE MULTIFLEX X 1000 ML;UNIDAD;ELITE;ASEO Y CAFETERIA
1424;JABON LAVALOZA AXION X 130 GR;UNIDAD;ASEO;ASEO Y CAFETERIA
3328;JABON LAVALOZA AXION X 850 GR;UNIDAD;ASEO;ASEO Y CAFETERIA
1690;JABON LAVALOZA AXION X 900 GR;UNIDAD;ASEO;ASEO Y CAFETERIA
3506;JABON LAVALOZA LIQUIDO 12 LT BICARBONATO NARANJA BERHLAN;BOLSA;ASEO;ASEO Y CAFETERIA
2971;JABON LAVALOZA LIQUIDO X 1.000 ML;FRASCO;ASEO;ASEO Y CAFETERIA
1762;JABON LAVALOZA LIQUIDO X 19 LT BMAX;CANECA;ASEO;ASEO Y CAFETERIA
2822;JABON LAVALOZA LIQUIDO X 3.800 ML BMAX;GALON;ASEO;ASEO Y CAFETERIA
2478;JABON LAVALOZA MACHITA X 1.000 GR;UNIDAD;ASEO;ASEO Y CAFETERIA
2415;JABON LAVALOZA X 1.000 GR;UNIDAD;ASEO;ASEO Y CAFETERIA
3037;JABON LAVALOZA X 1.100 GR;UNIDAD;ASEO;ASEO Y CAFETERIA
2079;JABON LAVALOZA X 1.400 GR;UNIDAD;ASEO;ASEO Y CAFETERIA
3303;JABON LAVALOZA X 500 GR;UNIDAD;ASEO;ASEO Y CAFETERIA
2960;JABON LAVALOZA X 800 GR;UNIDAD;ASEO;ASEO Y CAFETERIA
3309;JABON LIQUIDO ANTIBACTERIAL ELITE X 3.800 ML;GALON;ELITE;ASEO Y CAFETERIA
1437;JABON LIQUIDO ANTIBACTERIAL NEUTRO X 1000 ML ;BOTELLA;ASEO;ASEO Y CAFETERIA
2475;JABON LIQUIDO COCO X 1.800 ML ;BOTELLA;ASEO;ASEO Y CAFETERIA
3513;JABON LIQUIDO COCO X 900 ML;BOTELLA;ASEO;ASEO Y CAFETERIA
1967;JABON LIQUIDO MANOS AVENA X 19 LT BERHLAN;CANECA;ASEO;ASEO Y CAFETERIA
3558;JABON LIQUIDO MANOS KIWI X 19 LT BERHLAN;CANECA;ASEO;ASEO Y CAFETERIA
3547;JABON LIQUIDO MANOS NEUTRO X 1.000 ML BERHLAN;UNIDAD;ASEO;ASEO Y CAFETERIA
3173;JABON LIQUIDO MANOS NEUTRO X 19 LT BERHLAN;CANECA;ASEO;ASEO Y CAFETERIA
2888;JABON LIQUIDO MANOS NEUTRO X 500 ML BERHLAN;UNIDAD;ASEO;ASEO Y CAFETERIA
3546;JABON LIQUIDO MANOS VITAL X 1.000 ML BERHLAN ;UNIDAD;ASEO;ASEO Y CAFETERIA
3559;JABON LIQUIDO MANOS VITAL X 19 LT BERHLAN;CANECA;ASEO;ASEO Y CAFETERIA
1758;JABON LIQUIDO MANOS X 19 LT BMAX;CANECA;ASEO;ASEO Y CAFETERIA
1985;JABON LIQUIDO MANOS X 3.800 ML BERHLAN;GALON;ASEO;ASEO Y CAFETERIA
2982;JABON LIQUIDO MANOS X 3.800 ML BMAX;GALON;ASEO;ASEO Y CAFETERIA
2617;JABON LIQUIDO SUAVE FAMILIA REF 420501;BOTELLA;FAMILIA;ASEO Y CAFETERIA
3827;JABON LIQUIDO SUAVE FAMILIA REF 420502;UNIDAD;FAMILIA;ASEO Y CAFETERIA
2709;JABON PURO AZUL X 235 GR;UNIDAD;ASEO;ASEO Y CAFETERIA
1692;JABON REY X 300 GR;UNIDAD;ASEO;ASEO Y CAFETERIA
1683;JABON SPRAY 400 CC REF 80030;BOTELLA;FAMILIA;ASEO Y CAFETERIA
1706;JABON SPRAY 800 CC ROSADO;UNIDAD;FAMILIA;ASEO Y CAFETERIA
3398;JABON TOCADOR NEUTRO X 125 GR;UNIDAD;ASEO;ASEO Y CAFETERIA
2788;KLOR KLEEN 1670 MG 150;UNIDAD;ASEO;ASEO Y CAFETERIA
2787;KLORSEPT 87 8.680 MG 60 S MEDENTECH;UNIDAD;ASEO;ASEO Y CAFETERIA
3003;LECHE EN POLVO DESLACTOSADA X 400 GR;BOLSA;CAFETERIA;ASEO Y CAFETERIA
2659;LECHE EN POLVO X 1.000 GR;BOLSA;CAFETERIA;ASEO Y CAFETERIA
3431;LECHE EN POLVO X 380 GR;BOLSA;CAFETERIA;ASEO Y CAFETERIA
3041;LIMPIA JUNTAS X 1.000 ML BMAX;BOTELLA;ASEO;ASEO Y CAFETERIA
2671;LIMPIA JUNTAS X 19 LT BMAX;CANECA;ASEO;ASEO Y CAFETERIA
2721;LIMPIA JUNTAS X 3.800 ML BMAX;GALON;ASEO;ASEO Y CAFETERIA
3017;LIMPIADOR DE HORNOS EASSY OFF X 275 GR;FRASCO;ASEO;ASEO Y CAFETERIA
1889;LIMPIADOR DE PISOS 12 LT LAVANDA BICARBONATO BERHLAN;BOLSA;ASEO;ASEO Y CAFETERIA
2720;LIMPIADOR MULTIUSOS CITRONELA X 20 LT WAS;CANECA;ASEO;ASEO Y CAFETERIA
2946;LIMPIADOR MULTIUSOS LAVANDA X 20 LT WAS;CANECA;ASEO;ASEO Y CAFETERIA
3826;LIMPIADOR MULTIUSOS LAVANDA X 4.000 ML WAS;GALON;ASEO;ASEO Y CAFETERIA
2725;LIMPIAPISOS X 19 LT BMAX;CANECA;ASEO;ASEO Y CAFETERIA
2792;LIMPIAPISOS X 2.000 ML BMAX;BOTELLA;ASEO;ASEO Y CAFETERIA
2736;LIMPIAPISOS X 3.800 ML BMAX;GALON;ASEO;ASEO Y CAFETERIA
3086;LIMPIAVIDRIOS DE 25 CM CON EXTENCION DE 1.20 MT;UNIDAD;ASEO;ASEO Y CAFETERIA
3430;LIMPIAVIDRIOS DOBLE USO 1.20 MT X 30 CM;UNIDAD;ASEO;ASEO Y CAFETERIA
2312;LIMPIAVIDRIOS METALICO 2.10 MT X 30 CM CON EXTENSION;UNIDAD;ASEO;ASEO Y CAFETERIA
2030;LIMPIAVIDRIOS METALICO 2.60 MT CON EXTENSION;UNIDAD;ASEO;ASEO Y CAFETERIA
2360;LIMPIAVIDRIOS METALICO 3.00 MT X 30 CON EXTENSION;UNIDAD;ASEO;ASEO Y CAFETERIA
2712;LIMPIAVIDRIOS METALICO 30 CM;UNIDAD;ASEO;ASEO Y CAFETERIA
3156;LIMPIAVIDRIOS METALICO 50 CM X 35 CM;UNIDAD;ASEO;ASEO Y CAFETERIA
2790;LIMPIAVIDRIOS REPUESTO 25 CM;UNIDAD;ASEO;ASEO Y CAFETERIA
2921;LIMPIAVIDRIOS X 1.000 ML BMAX;BOTELLA;ASEO;ASEO Y CAFETERIA
2772;LIMPIAVIDRIOS X 19 LT BMAX;CANECA;ASEO;ASEO Y CAFETERIA
1931;LIMPIAVIDRIOS X 3.800 ML BMAX;GALON;ASEO;ASEO Y CAFETERIA
1831;LIMPION ELITE NATURAL DH X 300 MTS;ROLLO;ELITE;ASEO Y CAFETERIA
1229;LIMPION ELITE NATURAL DH X 550 MTS;ROLLO;ELITE;ASEO Y CAFETERIA
2656;LIMPION MULTIUSOS DOBLE HOJA X 150 MTS EXTRABLANCO;ROLLO;ELITE;ASEO Y CAFETERIA
3372;LIMPION TELA GALLETA 70 X 100 CM;UNIDAD;ASEO;ASEO Y CAFETERIA
3185;LISTERINE X 1.000 ML;BOTELLA;ASEO;ASEO Y CAFETERIA
2673;LISTERINE X 500 ML;BOTELLA;ASEO;ASEO Y CAFETERIA
3221;LUSTRA MUEBLES AEROSOL X 400 ML;UNIDAD;ASEO;ASEO Y CAFETERIA
2483;LUSTRE MULTIBRILLADOR MADERA X 2.000 ML BERHLAN;FRASCO;ASEO;ASEO Y CAFETERIA
3201;LUSTRE MULTIBRILLADOR MADERA X 3.800 ML BERHLAN;GALON;ASEO;ASEO Y CAFETERIA
3373;MAIZ PIRA X 500 GR;LIBRAS;CAFETERIA;ASEO Y CAFETERIA
2777;MANGUERA PARA JARDIN X 20 MTS;UNIDAD;ASEO;ASEO Y CAFETERIA
2920;MAX USOS GEL X 19 LT BMAX;CANECA;ASEO;ASEO Y CAFETERIA
2954;MAX USOS GEL X 3.800 ML;GALON;ASEO;ASEO Y CAFETERIA
2733;MAX USOS LIQUIDO X 1.000 ML BMAX;LITRO;ASEO;ASEO Y CAFETERIA
2726;MAX USOS LIQUIDO X 19 LT BMAX;CANECA;ASEO;ASEO Y CAFETERIA
2756;MAX USOS LIQUIDO X 3.800 ML BMAX;GALON;ASEO;ASEO Y CAFETERIA
3224;MAX USOS LIQUIDO X 500 ML BMAX;BOTELLA;ASEO;ASEO Y CAFETERIA
3759;MEZCLADOR DESECHABLE MADERA PAQ X 1.000 UN;PAQUETE;CAFETERIA;ASEO Y CAFETERIA
2109;MEZCLADOR DESECHABLE MADERA PAQ X 500 UN;PAQUETE;CAFETERIA;ASEO Y CAFETERIA
2343;MEZCLADOR PLASTICO PAQ X 1000 UN;PAQUETE;CAFETERIA;ASEO Y CAFETERIA
2204;MEZCLADOR PLASTICO PAQ X 500 UN;PAQUETE;CAFETERIA;ASEO Y CAFETERIA
2088;MOPA DE ALGODON 50 CMS REPUESTO;UNIDAD;ASEO;ASEO Y CAFETERIA
2089;MOPA DE ALGODON 80 CMS REPUESTO;UNIDAD;ASEO;ASEO Y CAFETERIA
1786;MOPA PARA ARAGAN DE 60 CM;UNIDAD;ASEO;ASEO Y CAFETERIA
3790;MULTIPISOS X 19 LT CITRONELA;CANECA;ASEO;ASEO Y CAFETERIA
2274;NAFTALINA ESFERAS X 500 GRS;FRASCO;ASEO;ASEO Y CAFETERIA
2942;NESTEA X 1.750 GR;BOLSA;CAFETERIA;ASEO Y CAFETERIA
3324;NESTEA X 225 GR;PAQUETE;CAFETERIA;ASEO Y CAFETERIA
2897;NESTEA X 500 GR;BOLSA;CAFETERIA;ASEO Y CAFETERIA
3167;OLLA ALUMINIO N° 20;UNIDAD;ASEO;ASEO Y CAFETERIA
2830;PANELA X PAR;PAR;ASEO;ASEO Y CAFETERIA
1886;PAÑO ABSORVENTE LISO 38 CM X 40 CM AMARILLO;UNIDAD;ASEO;ASEO Y CAFETERIA
3861;PAÑO ABSORVENTE MULTIUSOS PAQ X 4 UNIDADES;PAQUETE;ASEO;ASEO Y CAFETERIA
2094;PAÑO DESECHABLE L20 X 550 MTS HD KIMBERLY;ROLLO;ELITE;ASEO Y CAFETERIA
2140;PAÑO DESECHABLE L20 X 550 MTS HS KIMBERLY;ROLLO;FAMILIA;ASEO Y CAFETERIA
1292;PAÑO HUMEDO CON ALOE PAQ X 72 UN;PAQUETE;ASEO;ASEO Y CAFETERIA
2750;PAÑO HUMEDO FRESKITOS PAQ X 102 UN;PAQUETE;ASEO;ASEO Y CAFETERIA
2484;PAÑO INDUSTRIAL ELITE HD 600 MTS NATURAL;ROLLO;ELITE;ASEO Y CAFETERIA
1682;PAÑO INDUSTRIAL WYPALL X70 X 88 HOJAS;ROLLO;FAMILIA;ASEO Y CAFETERIA
1627;PAÑO INDUSTRIAL WYPALL X80 X 80 HOJAS;ROLLO;FAMILIA;ASEO Y CAFETERIA
1363;PAÑO MAXWIPE BLANCO 100 PAÑOS 30 X 21 CM;CAJA;ELITE;ASEO Y CAFETERIA
2486;PAÑO MAXWIPE BLANCO 575 PAÑOS 30 X 37 CM;ROLLO;ELITE;ASEO Y CAFETERIA
1364;PAÑO MAXWIPE BLANCO 690 PAÑOS 30 X 45 CM;ROLLO;ELITE;ASEO Y CAFETERIA
1398;PAÑO MAXWIPE BLANCO 80 PAÑOS 39.5 X 27 CM;ROLLO;ELITE;ASEO Y CAFETERIA
2511;PAÑO MAXWIPE BLANCO 80 PAÑOS 43 X 23 CM INTERFOLD;CAJA;ELITE;ASEO Y CAFETERIA
3307;PAÑO MAXWIPE BLANCO MAX60 890 PAÑOS 25 X 34 CM;ROLLO;ELITE;ASEO Y CAFETERIA
3703;PAÑO MAXWIPE BLANCO MAX70 870 PAÑOS 41.5 X 28 CM;ROLLO;ELITE;ASEO Y CAFETERIA
2803;PAÑO MAXWIPE BLANCO MAX70 88 HOJAS;ROLLO;ELITE;ASEO Y CAFETERIA
3308;PAÑO MAXWIPE MAX70 88 PAÑOS AZUL TRABAJO PESADO;ROLLO;ELITE;ASEO Y CAFETERIA
2870;PAÑO MAXWIPE MAX70 88 PAÑOS BLANCO ;ROLLO;ELITE;ASEO Y CAFETERIA
3383;PAÑO MAXWIPE MAX80 AMARILLO X 80 PAÑOS;ROLLO;ELITE;ASEO Y CAFETERIA
3384;PAÑO MAXWIPE MAX80 AZUL X 80 PAÑOS;ROLLO;ELITE;ASEO Y CAFETERIA
3337;PAÑO MAXWIPE MAX80 BLANCO X 80 PAÑOS;ROLLO;ELITE;ASEO Y CAFETERIA
3385;PAÑO MAXWIPE MAX80 ROJO X 80 PAÑOS;ROLLO;ELITE;ASEO Y CAFETERIA
3386;PAÑO MAXWIPE MAX80 VERDE X 80 PAÑOS;ROLLO;ELITE;ASEO Y CAFETERIA
1456;PAÑO MICROFIBRA 40 CM X 40 CM;UNIDAD;ASEO;ASEO Y CAFETERIA
3684;PAÑO MICROFIBRA 40 CM X 70 CM BLANCO;UNIDAD;ASEO;ASEO Y CAFETERIA
1406;PAÑO SUAVE 3 HOJAS AUTO;CAJA;ASEO;ASEO Y CAFETERIA
1384;PAÑO WYPALL X-80 PLUS VERDE PAQ X 30 UN;PAQUETE;FAMILIA;ASEO Y CAFETERIA
2440;PAÑUELO FACIAL TH X 50 UN FAMILIA;CAJA;ASEO;ASEO Y CAFETERIA
2716;PAÑUELOS FACIALES DH CAJA AUTO;CAJA;ASEO;ASEO Y CAFETERIA
1633;PAP HIG BLANCO DOBLE HOJA X 25 MT;ROLLO;FAMILIA;ASEO Y CAFETERIA
2692;PAP HIG BULK PACK ELITE EXTRA BLANCO DH X 400 UND;PAQUETE;ELITE;ASEO Y CAFETERIA
3011;PAP HIG BULK PACK SCOTT BLANCO DH X 250 UND;PAQUETE;FAMILIA;ASEO Y CAFETERIA
1617;PAP HIG ELITE BLANCO DH X 18.5 MTS;ROLLO;ELITE;ASEO Y CAFETERIA
2474;PAP HIG ELITE BLANCO DH X 60 MTS;ROLLO;ELITE;ASEO Y CAFETERIA
1300;PAP HIG ELITE BLANCO GOLD TH X 34 MTS;ROLLO;ELITE;ASEO Y CAFETERIA
1301;PAP HIG ELITE BLANCO INDIVIDUAL DH X 28 MT;ROLLO;ELITE;ASEO Y CAFETERIA
2208;PAP HIG ELITE EXTRA BLANCO INDIVIDUAL DH X 50 MTS;ROLLO;ELITE;ASEO Y CAFETERIA
1991;PAP HIG ELITE EXTRA BLANCO INDIVIDUAL TH X 20 MTS;ROLLO;ELITE;ASEO Y CAFETERIA
1619;PAP HIG ELITE EXTRA BLANCO INDIVIDUAL TH X 41 MTS;ROLLO;ELITE;ASEO Y CAFETERIA
1944;PAP HIG ELITE EXTRA BLANCO TH X 20 MTS;ROLLO;ELITE;ASEO Y CAFETERIA
2473;PAP HIG ELITE EXTRA BLANCO TH X 30 MT;ROLLO;ELITE;ASEO Y CAFETERIA
3116;PAP HIG ELITE EXTRA BLANCO TH X 45 MT;ROLLO;ELITE;ASEO Y CAFETERIA
1832;PAP HIG JUMBO BLANCO RENDIPEL DOBLE HOJA X 250 MT;ROLLO;ELITE;ASEO Y CAFETERIA
1632;PAP HIG JUMBO ELITE BLANCO DH X 250 MTS;ROLLO;ELITE;ASEO Y CAFETERIA
1181;PAP HIG JUMBO ELITE BLANCO ECONOMICO DH X 250 MT;ROLLO;ELITE;ASEO Y CAFETERIA
1634;PAP HIG JUMBO ELITE BLANCO HS X 400 MT;ROLLO;ELITE;ASEO Y CAFETERIA
1942;PAP HIG JUMBO ELITE BLANCO HS X 500 MTS;ROLLO;ELITE;ASEO Y CAFETERIA
1302;PAP HIG JUMBO ELITE BLANCO HS X 550 MTS;ROLLO;ELITE;ASEO Y CAFETERIA
1182;PAP HIG JUMBO ELITE EXTRA BLANCO DH X 250 MTS;ROLLO;ELITE;ASEO Y CAFETERIA
1974;PAP HIG JUMBO ELITE EXTRA BLANCO TH X 170 MTS PRECORTADO;ROLLO;ELITE;ASEO Y CAFETERIA
2072;PAP HIG JUMBO ELITE NATURAL DH X 250 MTS;ROLLO;ELITE;ASEO Y CAFETERIA
1891;PAP HIG JUMBO ELITE NATURAL HS X 400 MTS;ROLLO;ELITE;ASEO Y CAFETERIA
1618;PAP HIG JUMBO ELITE NATURAL HS X 500 MTS;ROLLO;ELITE;ASEO Y CAFETERIA
2915;PAP HIG JUMBO NATURAL D.H. X 250 MT TISSUE;ROLLO;TISSUE;ASEO Y CAFETERIA
3040;PAP HIG JUMBO TISSUE BLANCO HS X 400 MT;ROLLO;TISSUE;ASEO Y CAFETERIA
1625;PAP HIG SCOTT REG BL HD X 52 MT;ROLLO;ELITE;ASEO Y CAFETERIA
3234;PAP HIG SEDAMAX BLANCO D.H. X 20 MT;ROLLO;TISSUE;ASEO Y CAFETERIA
2917;PAP HIG SEDAMAX BLANCO T.H. X 26 MT INDIVIDUAL;ROLLO;TISSUE;ASEO Y CAFETERIA
1990;PAP HIG SEDAMAX BLANCO T.H. X 38 MT;ROLLO;TISSUE;ASEO Y CAFETERIA
2918;PAP HIG SEDAMAX PLUS BLANCO T.H. X 25 MT;ROLLO;TISSUE;ASEO Y CAFETERIA
3520;PAP HIG SEDAMAX PLUS BLANCO T.H. X 30 MT;ROLLO;TISSUE;ASEO Y CAFETERIA
2718;PAPEL ALUMINIO ROLLO X 16 MT;ROLLO;ASEO;ASEO Y CAFETERIA
2955;PAPEL ALUMINIO ROLLO X 40 MT;ROLLO;ASEO;ASEO Y CAFETERIA
3800;PAPEL ALUMINIO ROLLO X 8 MT;ROLLO;ASEO;ASEO Y CAFETERIA
2556;PAPELERA DE PEDAL 10 LT GRIS;UNIDAD;ASEO;ASEO Y CAFETERIA
2557;PAPELERA DE PEDAL 10 LT ROJA;UNIDAD;ASEO;ASEO Y CAFETERIA
2558;PAPELERA DE PEDAL 10 LT VERDE;UNIDAD;ASEO;ASEO Y CAFETERIA
3507;PAPELERA DE PEDAL 12 LT AZUL;UNIDAD;ASEO;ASEO Y CAFETERIA
3261;PAPELERA DE PEDAL 12 LT BLANCA;UNIDAD;ASEO;ASEO Y CAFETERIA
3197;PAPELERA DE PEDAL 12 LT GRIS;UNIDAD;ASEO;ASEO Y CAFETERIA
3744;PAPELERA DE PEDAL 12 LT NEGRA;UNIDAD;ASEO;ASEO Y CAFETERIA
3141;PAPELERA DE PEDAL 12 LT VERDE;UNIDAD;ASEO;ASEO Y CAFETERIA
3798;PAPELERA DE PEDAL 13 LT NEGRA;UNIDAD;ASEO;ASEO Y CAFETERIA
2481;PAPELERA DE PEDAL 14 LT AZUL;UNIDAD;ASEO;ASEO Y CAFETERIA
2375;PAPELERA DE PEDAL 14 LT GRIS;UNIDAD;ASEO;ASEO Y CAFETERIA
2376;PAPELERA DE PEDAL 14 LT ROJA;UNIDAD;ASEO;ASEO Y CAFETERIA
2378;PAPELERA DE PEDAL 14 LT VERDE;UNIDAD;ASEO;ASEO Y CAFETERIA
2548;PAPELERA DE PEDAL 20 LT ROJA;UNIDAD;ASEO;ASEO Y CAFETERIA
2664;PAPELERA DE PEDAL 20 LT VERDE;UNIDAD;ASEO;ASEO Y CAFETERIA
2741;PAPELERA DE PEDAL 22 LT BLANCA;UNIDAD;ASEO;ASEO Y CAFETERIA
3095;PAPELERA DE PEDAL 22 LT GRIS;UNIDAD;ASEO;ASEO Y CAFETERIA
3093;PAPELERA DE PEDAL 22 LT NEGRA;UNIDAD;ASEO;ASEO Y CAFETERIA
1711;PAPELERA DE PEDAL 22 LT VERDE;UNIDAD;ASEO;ASEO Y CAFETERIA
2380;PAPELERA DE PEDAL 25 LT ROJA;UNIDAD;ASEO;ASEO Y CAFETERIA
2742;PAPELERA DE PEDAL 35 LT AZUL;UNIDAD;ASEO;ASEO Y CAFETERIA
2553;PAPELERA DE PEDAL 35 LT BLANCO;UNIDAD;ASEO;ASEO Y CAFETERIA
2743;PAPELERA DE PEDAL 35 LT GRIS;UNIDAD;ASEO;ASEO Y CAFETERIA
3799;PAPELERA DE PEDAL 35 LT NEGRA;UNIDAD;ASEO;ASEO Y CAFETERIA
2744;PAPELERA DE PEDAL 35 LT VERDE;UNIDAD;ASEO;ASEO Y CAFETERIA
2584;PAPELERA DE PEDAL 45 LT GRIS;UNIDAD;ASEO;ASEO Y CAFETERIA
2583;PAPELERA DE PEDAL 45 LT VERDE;UNIDAD;ASEO;ASEO Y CAFETERIA
3142;PAPELERA DE PEDAL 51 LT ROJA;UNIDAD;ASEO;ASEO Y CAFETERIA
3581;PAPELERA DE PEDAL 60 LT AZUL;UNIDAD;ASEO;ASEO Y CAFETERIA
2951;PAPELERA DE PEDAL 60 LT VERDE;UNIDAD;ASEO;ASEO Y CAFETERIA
2366;PAPELERA DE VAIVEN 10 LT AZUL;UNIDAD;ASEO;ASEO Y CAFETERIA
3139;PAPELERA DE VAIVEN 10 LT BEIGE;UNIDAD;ASEO;ASEO Y CAFETERIA
1710;PAPELERA DE VAIVEN 10 LT GRIS;UNIDAD;ASEO;ASEO Y CAFETERIA
3686;PAPELERA DE VAIVEN 10 LT NEGRA;UNIDAD;ASEO;ASEO Y CAFETERIA
2549;PAPELERA DE VAIVEN 10 LT ROJA;UNIDAD;ASEO;ASEO Y CAFETERIA
2550;PAPELERA DE VAIVEN 10 LT VERDE;UNIDAD;ASEO;ASEO Y CAFETERIA
2626;PAPELERA DE VAIVEN 12 LT BLANCA;UNIDAD;ASEO;ASEO Y CAFETERIA
3587;PAPELERA DE VAIVEN 12 LT NEGRA;UNIDAD;ASEO;ASEO Y CAFETERIA
3408;PAPELERA DE VAIVEN 14 LT AZUL;UNIDAD;ASEO;ASEO Y CAFETERIA
3094;PAPELERA DE VAIVEN 14 LT NEGRA;UNIDAD;ASEO;ASEO Y CAFETERIA
3198;PAPELERA DE VAIVEN 14 LT ROJA;UNIDAD;ASEO;ASEO Y CAFETERIA
2927;PAPELERA DE VAIVEN 14 LT VERDE;UNIDAD;ASEO;ASEO Y CAFETERIA
2605;PAPELERA DE VAIVEN 22 LT VERDE ;UNIDAD;ASEO;ASEO Y CAFETERIA
3792;PAPELERA DE VAIVEN 25 LT BLANCA;UNIDAD;ASEO;ASEO Y CAFETERIA
3693;PAPELERA DE VAIVEN 25 LT NEGRA;UNIDAD;ASEO;ASEO Y CAFETERIA
2512;PAPELERA DE VAIVEN 25 LT VERDE;UNIDAD;ASEO;ASEO Y CAFETERIA
3621;PAPELERA DE VAIVEN 27 LT NEGRA;UNIDAD;ASEO;ASEO Y CAFETERIA
2559;PAPELERA DE VAIVEN 35 LT AZUL;UNIDAD;ASEO;ASEO Y CAFETERIA
3391;PAPELERA DE VAIVEN 35 LT BEIGE;UNIDAD;ASEO;ASEO Y CAFETERIA
2940;PAPELERA DE VAIVEN 35 LT BLANCA;UNIDAD;ASEO;ASEO Y CAFETERIA
3188;PAPELERA DE VAIVEN 35 LT GRIS;UNIDAD;ASEO;ASEO Y CAFETERIA
3662;PAPELERA DE VAIVEN 35 LT NEGRA;UNIDAD;ASEO;ASEO Y CAFETERIA
3572;PAPELERA DE VAIVEN 35 LT ROJA;UNIDAD;ASEO;ASEO Y CAFETERIA
2618;PAPELERA DE VAIVEN 35 LT VERDE;UNIDAD;ASEO;ASEO Y CAFETERIA
2551;PAPELERA DE VAIVEN 50 LT GRIS;UNIDAD;ASEO;ASEO Y CAFETERIA
3616;PAPELERA DE VAIVEN 50 LT NEGRA;UNIDAD;ASEO;ASEO Y CAFETERIA
2552;PAPELERA DE VAIVEN 50 LT VERDE;UNIDAD;ASEO;ASEO Y CAFETERIA
3622;PAPELERA DE VAIVEN 51 LT NEGRA;UNIDAD;ASEO;ASEO Y CAFETERIA
2941;PAPELERA DE VAIVEN 53 LT NEGRA;UNIDAD;ASEO;ASEO Y CAFETERIA
2645;PAPELERA DE VAIVEN 55 LT AZUL;UNIDAD;ASEO;ASEO Y CAFETERIA
2650;PAPELERA DE VAIVEN 55 LT BLANCA;UNIDAD;ASEO;ASEO Y CAFETERIA
2595;PAPELERA DE VAIVEN 55 LT GRIS;UNIDAD;ASEO;ASEO Y CAFETERIA
3713;PAPELERA DE VAIVEN 55 LT NEGRA;UNIDAD;ASEO;ASEO Y CAFETERIA
2952;PAPELERA DE VAIVEN 55 LT ROJA;UNIDAD;ASEO;ASEO Y CAFETERIA
2644;PAPELERA DE VAIVEN 55 LT VERDE;UNIDAD;ASEO;ASEO Y CAFETERIA
3548;PAPELERA DE VAIVEN 9 LT ROJA;UNIDAD;ASEO;ASEO Y CAFETERIA
3138;PAPELERA DOBLE RECICLAJE GRIS;UNIDAD;ASEO;ASEO Y CAFETERIA
1894;PASTAS PEQUEÑAS CLORO PAQ X 1000 GRS;BOLSA;ASEO;ASEO Y CAFETERIA
2672;PASTILHAN DETERGENTE DESENGRASANTE X 3.800 ML;GALON;ASEO;ASEO Y CAFETERIA
2767;PASTILLA DESINFECTANTE PATO TANQUE X UNID;UNIDAD;ASEO;ASEO Y CAFETERIA
2795;PATO LIMPIADOR ADHESIVO 3 TIRAS;UNIDAD;ASEO;ASEO Y CAFETERIA
3006;PELICULA EXTENSIBLE X 1.500 MT;ROLLO;EMPAQUES;ASEO Y CAFETERIA
3233;PELICULA EXTENSIBLE X 100 MT;ROLLO;EMPAQUES;ASEO Y CAFETERIA
2842;PELICULA EXTENSIBLE X 300 MT;ROLLO;EMPAQUES;ASEO Y CAFETERIA
1982;PELICULA STRETCH 16.5 CM;ROLLO;EMPAQUES;ASEO Y CAFETERIA
2884;PELICULA STRETCH 45 CM;ROLLO;EMPAQUES;ASEO Y CAFETERIA
2016;PERCHERO EN MADERA;UNIDAD;ASEO;ASEO Y CAFETERIA
2245;PISTOLA PLASTICA PARA ATOMIZADOR;UNIDAD;ASEO;ASEO Y CAFETERIA
3243;PISTOLA PLASTICA PARA TRABAJO PESADO COLORES SURTIDOS;UNIDAD;ASEO;ASEO Y CAFETERIA
3078;PITILLO BIODEGRADABLE PAQ X 500 UN;PAQUETE;CAFETERIA;ASEO Y CAFETERIA
3296;PITILLO PLASTICO PAQ X 200 UN;PAQUETE;CAFETERIA;ASEO Y CAFETERIA
2856;PLASTICO NEGRO X 2 MT DE ANCHO;METROS;BOLSA BASURA;ASEO Y CAFETERIA
3241;PLASTICO NEGRO X 3 MT DE ANCHO CAL 4.0;METROS;BOLSA BASURA;ASEO Y CAFETERIA
2905;PLATO DESECHABLE MEDIANO X 20 UN;PAQUETE;CAFETERIA;ASEO Y CAFETERIA
3242;PLATO DESECHABLE PEQUEÑO X 20 UN;PAQUETE;CAFETERIA;ASEO Y CAFETERIA
2201;PLATO ICOPOR Nº 16 PAQ X 20 UN;PAQUETE;CAFETERIA;ASEO Y CAFETERIA
3168;POCILLO CHOCOLATERO CERAMICA X UN ;UNIDAD;ASEO;ASEO Y CAFETERIA
3288;POLVO MEDICADO MEXSANA X 150 GR;FRASCO;ASEO;ASEO Y CAFETERIA
2009;PORTA ESCOBAS Y TRAPEADORAS PLASTICO;UNIDAD;ASEO;ASEO Y CAFETERIA
3852;PORTACOMIDAS P3 DIVISIONES PAQ X 200 UN;PAQUETE;CAFETERIA;ASEO Y CAFETERIA
2017;PRELAVADO COLLARIN X 500 ML;FRASCO;ASEO;ASEO Y CAFETERIA
3825;PROTECTOR BRILLADOR BINNER X 700 ML;FRASCO;ASEO;ASEO Y CAFETERIA
2638;PUNTO ECOLOGICO 3 PUESTOS 35 LTS;UNIDAD;ASEO;ASEO Y CAFETERIA
2233;PUNTO ECOLOGICO 3 PUESTOS 55 LTS;UNIDAD;ASEO;ASEO Y CAFETERIA
3021;RAID MAX CUCARACHAS Y ARAÑAS X 400 CC;UNIDAD;ASEO;ASEO Y CAFETERIA
3708;RAID ZANCUDOS Y MOSCAS X 400 CC;UNIDAD;ASEO;ASEO Y CAFETERIA
1853;RASTRILLO FULLER PLASTICO;UNIDAD;ASEO;ASEO Y CAFETERIA
3776;RECOGEDOR DE BASURA C/BANDA C/CABO PLASTICO;UNIDAD;ASEO;ASEO Y CAFETERIA
3280;RECOGEDOR DE BASURA C/BANDA REPUESTO;UNIDAD;ASEO;ASEO Y CAFETERIA
2126;RECOGEDOR DE BASURA S/BANDA C/CABO PLASTICO;UNIDAD;ASEO;ASEO Y CAFETERIA
1872;RECOGEDOR DE BASURA S/BANDA REPUESTO ;UNIDAD;ASEO;ASEO Y CAFETERIA
2627;REPUESTO PEDAL PAPELERA 20 LT;UNIDAD;ASEO;ASEO Y CAFETERIA
2746;RESTAURADOR PARTES NEGRAS TEFLON X 120 ML;FRASCO;ASEO;ASEO Y CAFETERIA
3859;RODILLO QUITA MOTAS REPUESTO;UNIDAD;ASEO;ASEO Y CAFETERIA
2770;SAL REFISAL X 1.000 GR;BOLSA;CAFETERIA;ASEO Y CAFETERIA
3702;SAL REFISAL X 130 GR;UNIDAD;CAFETERIA;ASEO Y CAFETERIA
2896;SAL REFISAL X 500 GR;BOLSA;CAFETERIA;ASEO Y CAFETERIA
1988;SANITIZANTE ANTIBACT GEL MULTIFLEX  X 1000 ML;BOTELLA;ELITE;ASEO Y CAFETERIA
1341;SANITIZANTE ANTIBACTERIAL ESCRITORIO X 1.000 ML ELITE;BOTELLA;ELITE;ASEO Y CAFETERIA
1989;SANITIZANTE ANTIBACTERIAL ESCRITORIO X 1000 ML;BOTELLA;ELITE;ASEO Y CAFETERIA
1536;SANITIZANTE ANTIBACTERIAL GEL ELITE X 800 ML;UNIDAD;ELITE;ASEO Y CAFETERIA
2410;SANITIZANTE ANTIBACTERIAL GEL MULTIFLEX X 1.000 ML;BOTELLA;ELITE;ASEO Y CAFETERIA
1313;SANITIZANTE ANTIBACTERIAL X 32 ML ELITE;UNIDAD;ELITE;ASEO Y CAFETERIA
2691;SANITIZANTE ESPUMA MULTIFLEX ELITE X 1.000 ML;BOTELLA;ELITE;ASEO Y CAFETERIA
1649;SERVILLETA AIRFLEX MF ECONOMICA 1 PL X 120 UN;PAQUETE;ASEO;ASEO Y CAFETERIA
3382;SERVILLETA BLANCA 22 X 14 UNA A UNA X 300 UN P/DISPENSADOR E;PAQUETE;ELITE;ASEO Y CAFETERIA
2913;SERVILLETA BLANCA RENDIPEL UNA HOJA X 320 UN;PAQUETE;ELITE;ASEO Y CAFETERIA
2073;SERVILLETA CAFETERIA ELITE 27 X 17 CM X 100 UN;PAQUETE;ELITE;ASEO Y CAFETERIA
1747;SERVILLETA CAFETERIA X 200 UN;PAQUETE;ASEO;ASEO Y CAFETERIA
2667;SERVILLETA CAJA TIPO MADERA X 200 UND;CAJA;ELITE;ASEO Y CAFETERIA
1196;SERVILLETA DE LUJO HS EXT BLANCA 27 X 27 X 100 UN ELITE;PAQUETE;ELITE;ASEO Y CAFETERIA
1228;SERVILLETA DE LUJO HS EXT BLANCA 33 X 33 X 100 UN ELITE;PAQUETE;ELITE;ASEO Y CAFETERIA
2523;SERVILLETA ELITE DOBLADA 30 X 30 CM X 100 UN;PAQUETE;ELITE;ASEO Y CAFETERIA
3459;SERVILLETA ELITE DOBLADA PAQ X 320 UN;PAQUETE;ELITE;ASEO Y CAFETERIA
3117;SERVILLETA GOLD 24 X 24 1H ELITE PAQ X 200 UN;PAQUETE;ELITE;ASEO Y CAFETERIA
3118;SERVILLETA GOLD 33 X 33 1H D/8 ELITE PAQ X 200 UN;PAQUETE;ELITE;ASEO Y CAFETERIA
2590;SERVILLETA INTERF ELITE EXT BLANCA DH X 200 UN;PAQUETE;ELITE;ASEO Y CAFETERIA
1628;SERVILLETA LUJO 33 X 33 DH ELITE PAQ X 200 UN;PAQUETE;ELITE;ASEO Y CAFETERIA
3147;SHAMPOO AUTOMOTRIZ X 1.000 ML BMAX;BOTELLA;ASEO;ASEO Y CAFETERIA
1761;SHAMPOO PANTENE;UNIDAD;ASEO;ASEO Y CAFETERIA
3452;SHAMPOO PARA CABELLO X 19 LT BERHLAN;CANECA;ASEO;ASEO Y CAFETERIA
3414;SHAMPOO SOBRE X 25 ML CJ X 18 UNIDADES;CAJA;ASEO;ASEO Y CAFETERIA
3406;SHAMPOO VENUX X 4.000 ML;GALON;ASEO;ASEO Y CAFETERIA
2640;SHOWER GEL CABELLO Y CUERPO MULTIFLEX X 1000 ML ELITE;BOTELLA;ELITE;ASEO Y CAFETERIA
3485;SILICONA EMULSIONADA LIQUIDA 60% X 20 KG;CANECA;ASEO;ASEO Y CAFETERIA
2939;SINORIN X 4 KG;CANECA;ASEO;ASEO Y CAFETERIA
3169;SODA ESCAMAS PARA DESTAPAR CAÑERIAS X 350 GR;BOLSA;ASEO;ASEO Y CAFETERIA
3733;SPLENDA CAJA X 600 SOBRES;CAJA;CAFETERIA;ASEO Y CAFETERIA
3712;SPLENDA SOBRE PAQ X 100 UN;PAQUETE;CAFETERIA;ASEO Y CAFETERIA
1643;SPRAY BACTISAN EN BOLSA X 400 ML REF: 30197085;UNIDAD;FAMILIA;ASEO Y CAFETERIA
2328;SUAVIZANTE ADVANCE 12 LT VAINILLA COCO BERHLAN;BOLSA;ASEO;ASEO Y CAFETERIA
1418;SUAVIZANTE LIQUIDO BERHLAN X 19 LTS;CANECA;ASEO;ASEO Y CAFETERIA
2668;SUAVIZANTE ROPA PRIMAVERAL X 4.000 ML;GALON;ASEO;ASEO Y CAFETERIA
1961;SUAVIZANTE TEXTIL CON MICROCAPSULAS X 19 LTS;CANECA;ASEO;ASEO Y CAFETERIA
2670;SUAVIZANTE X 19 LT BMAX;CANECA;ASEO;ASEO Y CAFETERIA
3014;SUNTEA 1.5 LT X 12 UNIDADES SURTIDO;CAJA;CAFETERIA;ASEO Y CAFETERIA
3820;TAPETE ATRAPAMUGRE 80 CM X 120 CM;UNIDAD;ASEO;ASEO Y CAFETERIA
3570;TAPETE TANGO 50 CM X 79 CM;UNIDAD;ASEO;ASEO Y CAFETERIA
2724;TE FRUTOS ROJOS Y VERDES SURTIDOS CAJA X 20 UN;CAJA;CAFETERIA;ASEO Y CAFETERIA
2872;TE HINDU CAJA X 25 UN;CAJA;CAFETERIA;ASEO Y CAFETERIA
2755;TEFLON LAVADO DE MOTORES X 500 ML BMAX;FRASCO;ASEO;ASEO Y CAFETERIA
3400;TENEDOR DESECHABLE PEQUEÑO PAQ X 100 UN;PAQUETE;CAFETERIA;ASEO Y CAFETERIA
2763;TINNER X 3.800 ML;GALON;ASEO;ASEO Y CAFETERIA
1629;TOA IND WYPALL REG ROLANTIB X 80 H;ROLLO;FAMILIA;ASEO Y CAFETERIA
3514;TOALLA DE BAÑO DESECHABLE 130 CM X 65 CM WYPALL ;UNIDAD;FAMILIA;ASEO Y CAFETERIA
3158;TOALLA DE COCINA FAMILIA PAQ X 3 ROLLOS;PAQUETE;FAMILIA;ASEO Y CAFETERIA
1788;TOALLA DE COCINA FAVORITA PAQ X 3 ROLLOS;PAQUETE;ASEO;ASEO Y CAFETERIA
2108;TOALLA DE COCINA SEDAMAX DH BLANCA PAQ X 3 ROLLOS;PAQUETE;TISSUE;ASEO Y CAFETERIA
1612;TOALLA DE MANOS ELITE EXT BLANCA DH X 100 MTS;ROLLO;ELITE;ASEO Y CAFETERIA
2472;TOALLA DE MANOS ELITE EXT BLANCA DH X 200 UND;PAQUETE;ELITE;ASEO Y CAFETERIA
2097;TOALLA DE MANOS ELITE EXT BLANCA TH X 150 MT;ROLLO;ELITE;ASEO Y CAFETERIA
1830;TOALLA DE MANOS ELITE NATURAL DH X 100 MT;ROLLO;ELITE;ASEO Y CAFETERIA
2461;TOALLA DE MANOS ELITE NATURAL DH X 125 MTS CENTER FLOW;ROLLO;ELITE;ASEO Y CAFETERIA
3310;TOALLA DE MANOS ELITE NATURAL DH X 150 UND STD 21.6 X 21 CM;PAQUETE;ELITE;ASEO Y CAFETERIA
2048;TOALLA DE MANOS ELITE NATURAL HS X 250 UND ELITE;PAQUETE;ELITE;ASEO Y CAFETERIA
2131;TOALLA DE MANOS ELITE NATURAL TH X 100 MT CENTER FLOW;ROLLO;ELITE;ASEO Y CAFETERIA
1939;TOALLA DE MANOS ELITE NATURAL TH X 150 MT;ROLLO;ELITE;ASEO Y CAFETERIA
1893;TOALLA DE MANOS ELITE NATURAL TH X 150 UND STD 21.6 X 21 CM;PAQUETE;ELITE;ASEO Y CAFETERIA
3467;TOALLA DE MANOS FAMILIA BLANCA TH X 150 UN;PAQUETE;ASEO;ASEO Y CAFETERIA
1227;TOALLA DE MANOS TIPO Z NATURAL HD X 150 UN COLTISU;PAQUETE;TISSUE;ASEO Y CAFETERIA
2916;TOALLA DE MANOS TISSUE BLANCA D.H. X 100 MT;ROLLO;TISSUE;ASEO Y CAFETERIA
3269;TOALLA DE TELA 1 MT X 1 MT AZUL OSCURO;METROS;ASEO;ASEO Y CAFETERIA
3219;TOALLA DE TELA 1 MT X 1 MT COLORES VARIOS;METROS;ASEO;ASEO Y CAFETERIA
2588;TOALLA DE TELA 40 CM X 60 CM BLANCA;UNIDAD;ASEO;ASEO Y CAFETERIA
2127;TOALLA DE TELA 45 CM X 45 CM BLANCA;UNIDAD;ASEO;ASEO Y CAFETERIA
1787;TOALLA DE TELA 50 CM X 70 CM BLANCA;UNIDAD;ASEO;ASEO Y CAFETERIA
1641;TOALLA INDIVIDUAL WYPALL X-60 ROLLO X 890 UN;ROLLO;FAMILIA;ASEO Y CAFETERIA
1630;TOALLA INTER ELITE TH NATURAL 21.6 X 25 CM X 150 UN;PAQUETE;ELITE;ASEO Y CAFETERIA
1393;TOALLA INTERFOLIADA 1H X 250 ELITE BLANCA EXTRA A;PAQUETE;ELITE;ASEO Y CAFETERIA
1631;TOALLA MANOS DH BLANCA SCOTT X 150 UN;PAQUETE;FAMILIA;ASEO Y CAFETERIA
2930;TOALLA MANOS HS NATURAL SCOTT X 100 MT;ROLLO;FAMILIA;ASEO Y CAFETERIA
1385;TOALLA WYPALL X-70 42 X 50 CM KIMBERLY;ROLLO;FAMILIA;ASEO Y CAFETERIA
1875;TOALLA WYPALL X-80 AMARILLA PAQ X 25 UN;PAQUETE;FAMILIA;ASEO Y CAFETERIA
1876;TOALLA WYPALL X-80 PLUS AZUL PAQ X 30 UN;PAQUETE;ASEO;ASEO Y CAFETERIA
1877;TOALLA WYPALL X-80 ROJA PAQ X 25 UN;PAQUETE;FAMILIA;ASEO Y CAFETERIA
1878;TOALLA WYPALL X-80 VERDE PAQ X 25 UN;UNIDAD;ASEO;ASEO Y CAFETERIA
1277;TODO USO DETERGENTE LIMON X 1.000 ML BERHLAN;LITRO;ASEO;ASEO Y CAFETERIA
2041;TODO USO DETERGENTE LIMON X 19 LT BERHLAN;CANECA;ASEO;ASEO Y CAFETERIA
3404;TODO USO DETERGENTE NEUTRO X 19 LT ;CANECA;ASEO;ASEO Y CAFETERIA
2355;TODO USO DETERGENTE X 3.800 ML BERHLAN;GALON;ASEO;ASEO Y CAFETERIA
3691;TRAPEADORA DE MICROFIBRA CON CABO DE MADERA;UNIDAD;ASEO;ASEO Y CAFETERIA
3422;TRAPEADORA DE PABILO 2 COLORES CON CABO DE MADERA;UNIDAD;ASEO;ASEO Y CAFETERIA
3526;TRAPEADORA DE PABILO 2 COLORES REPUESTO;UNIDAD;ASEO;ASEO Y CAFETERIA
1856;TRAPEADORA DE PABILO CON CABO DE MADERA;UNIDAD;ASEO;ASEO Y CAFETERIA
2713;TRAPEADORA DE TIRAS CABO MADERA;UNIDAD;ASEO;ASEO Y CAFETERIA
2732;TRAPEADORA DE TIRAS REPUESTO;UNIDAD;ASEO;ASEO Y CAFETERIA
1863;TRAPEADORA MICROFIBRA 250 GRS REPUESTO;UNIDAD;ASEO;ASEO Y CAFETERIA
2272;TRAPEADORA PABILO 300 GRS REPUESTO;UNIDAD;ASEO;ASEO Y CAFETERIA
1864;TRAPEADORA PABILO 370 GRS REPUESTO;UNIDAD;ASEO;ASEO Y CAFETERIA
3396;VARSOL DESODORIZADO X 1.900 ML;BOTELLA;ASEO;ASEO Y CAFETERIA
2641;VARSOL DESODORIZADO X 16 KG;CANECA;ASEO;ASEO Y CAFETERIA
2071;VARSOL DESODORIZADO X 3.800 ML;GALON;ASEO;ASEO Y CAFETERIA
3060;VASO DESECHABLE CARTON 4.0 ONZ X UNIDAD;UNIDAD;CAFETERIA;ASEO Y CAFETERIA
3627;VASO DESECHABLE CARTON 6.0 ONZ PAQ X 50 UN;PAQUETE;CAFETERIA;ASEO Y CAFETERIA
3079;VASO DESECHABLE CARTON 7.0 ONZ ;UNIDAD;CAFETERIA;ASEO Y CAFETERIA
3192;VASO DESECHABLE ICOPOR 4 ONZ PAQ X 20 UN;PAQUETE;CAFETERIA;ASEO Y CAFETERIA
2761;VASO DESECHABLE ICOPOR 6 ONZ PAQ X 20 UN;PAQUETE;CAFETERIA;ASEO Y CAFETERIA
3077;VASO PLASTICO DESECHABLE 1.5 ONZ PAQ X 50 UND;PAQUETE;CAFETERIA;ASEO Y CAFETERIA
2401;VASO PLASTICO DESECHABLE 12 ONZAS;UNIDAD;CAFETERIA;ASEO Y CAFETERIA
1986;VASO PLASTICO DESECHABLE 3.5 ONZAS X UN ;UNIDAD;CAFETERIA;ASEO Y CAFETERIA
1431;VASO PLASTICO DESECHABLE 7.0 ONZAS;UNIDAD;CAFETERIA;ASEO Y CAFETERIA
3097;VASO PLASTICO DESECHABLE BLANCO 7.0 ONZ;UNIDAD;CAFETERIA;ASEO Y CAFETERIA
3486;VINAGRE BLANCO ACIDO ACETICO X 20 KG;CANECA;ASEO;ASEO Y CAFETERIA
2661;VINAGRE BLANCO BOTELLA;BOTELLA;CAFETERIA;ASEO Y CAFETERIA
3625;VINAGRE BLANCO X 30 LT;CANECA;CAFETERIA;ASEO Y CAFETERIA
2729;WYPALL INDUSTRIAL X-75 AZUL 42 X 28 ROLLO X 60 PAÑOS;ROLLO;FAMILIA;ASEO Y CAFETERIA
3123;ZUMO DE LIMON X 1.000 ML;FRASCO;CAFETERIA;ASEO Y CAFETERIA
3721;ADHESIVO BOND CARTA PAQ X 100 UN;PAQUETE;PAPELERIA;PAPELERIA
3720;ADHESIVO ROTULO PARA CD PAQ X 50 UN;PAQUETE;PAPELERIA;PAPELERIA
2937;AGENDA TAMAÑO CARTA;UNIDAD;PAPELERIA;PAPELERIA
2894;ALMOHADILLA PARA SELLOS GRANDE;UNIDAD;PAPELERIA;PAPELERIA
2819;ARCHIVADOR AZ FOLDER CARTA;UNIDAD;PAPELERIA;PAPELERIA
1738;ARCHIVADOR AZ FOLDER OFICIO;UNIDAD;PAPELERIA;PAPELERIA
2431;ARCHIVADOR FUELLE TIPO MALETIN 13 BOLSILLOS;UNIDAD;PAPELERIA;PAPELERIA
2565;BANDA DE CAUCHO PAQUETE X 1000 UN;PAQUETE;PAPELERIA;PAPELERIA
2849;BANDERINES X 8 GIPAO;UNIDAD;PAPELERIA;PAPELERIA
3054;BANDERITAS PEQUEÑA GIPAO X 5;PAQUETE;PAPELERIA;PAPELERIA
2848;BISTURI GRANDE ENCAUCHETADO;UNIDAD;PAPELERIA;PAPELERIA
3148;BISTURI PLASTICO PEQUEÑO;UNIDAD;PAPELERIA;PAPELERIA
2798;BITACORA CARTA X 50 HOJAS;UNIDAD;PAPELERIA;PAPELERIA
3515;BITACORA MEDIA CARTA X 50 HOJAS;UNIDAD;PAPELERIA;PAPELERIA
3796;BLOCK CARTA CAUDRICULADO POR 70 HOJAS;UNIDAD;PAPELERIA;PAPELERIA
2991;BLOCK PAPEL BOND CARTA COLORES ;UNIDAD;PAPELERIA;PAPELERIA
2885;BOLIGRAFO BIC CRISTAL CAJA X 12 UN;CAJA;PAPELERIA;PAPELERIA
3472;BOLIGRAFO BIC CRISTAL X UN;UNIDAD;PAPELERIA;PAPELERIA
3215;BOLIGRAFO BIC ROLLER CAJA X 12 UN;CAJA;PAPELERIA;PAPELERIA
3563;BOLIGRAFO BIC ROLLER X UN;UNIDAD;PAPELERIA;PAPELERIA
3638;BOLIGRAFO GEL NEGRO X UN;UNIDAD;PAPELERIA;PAPELERIA
2215;BOLIGRAFO KILOMETRICO INKJOY CAJA X 12 UND;UNIDAD;PAPELERIA;PAPELERIA
3216;BOLIGRAFO KILOMETRICO PLUS CAJA X 12 UN;CAJA;PAPELERIA;PAPELERIA
2686;BOLIGRAFO KILOMETRICO ROJO X UN;UNIDAD;PAPELERIA;PAPELERIA
2749;BOLIGRAFO KILOMETRICO X UNIDAD;UNIDAD;PAPELERIA;PAPELERIA
3586;BOLIGRAFO MICROPUNTA TINTA MOJADA NEGRO X UN;UNIDAD;PAPELERIA;PAPELERIA
3584;BOLIGRAFO MICROPUNTA TINTA MOJADA X UN COLORES SURTIDOS;UNIDAD;PAPELERIA;PAPELERIA
2943;BOLIGRAFO PELIKAN SUAVE X UN;UNIDAD;PAPELERIA;PAPELERIA
2847;BOLIGRAFO RETRACTIL NEGRO X UN;UNIDAD;PAPELERIA;PAPELERIA
3509;BOLIGRAFO SEMIGEL X UNIDAD OFFIESCO;UNIDAD;PAPELERIA;PAPELERIA
2465;BOLSILLO CATALOGO DELGADO CARTA PAQ X 100 UN ;PAQUETE;PAPELERIA;PAPELERIA
3347;BOLSILLO CATALOGO DELGADO OFICIO;UNIDAD;PAPELERIA;PAPELERIA
3327;BOLSILLO LAMINACION CARTA PAQ X 100 UN;PAQUETE;PAPELERIA;PAPELERIA
3862;BOMBA RUMATEX R12 PAQ X 50;PAQUETE;PAPELERIA;PAPELERIA
2785;BORRADOR MAGNETICO PARA TABLERO;UNIDAD;PAPELERIA;PAPELERIA
2428;BORRADOR NATA GRANDE 612;UNIDAD;PAPELERIA;PAPELERIA
3511;BORRADOR PARA TABLERO EN ACRILICO;UNIDAD;PAPELERIA;PAPELERIA
3639;CABALLETE PARA TABLERO DE 1 MT X 1.20 MT;UNIDAD;PAPELERIA;PAPELERIA
3053;CAJA ARCHIVO Nº 12 40.5 X 21 X 26;UNIDAD;PAPELERIA;PAPELERIA
3330;CAJA METALICA MEDIANA PARA MENUDA GIPAO;UNIDAD;PAPELERIA;PAPELERIA
2784;CALCULADORA DIGITAL CASIO 12 DIGITOS;UNIDAD;PAPELERIA;PAPELERIA
3668;CALCULADORA DIGITAL CASIO 16 DIGITOS;UNIDAD;PAPELERIA;PAPELERIA
2717;CALCULADORA DIGITAL CASIO 8 DIGITOS;UNIDAD;PAPELERIA;PAPELERIA
2573;"CARPETA 1"" DE TRES AROS";UNIDAD;PAPELERIA;PAPELERIA
2758;CARPETA COLGANTE AZUL OFICIO;UNIDAD;PAPELERIA;PAPELERIA
3600;CARPETA COLGANTE CAFE OFICIO;UNIDAD;PAPELERIA;PAPELERIA
3701;"CARPETA DATARRAN 14"" ALP";UNIDAD;PAPELERIA;PAPELERIA
3052;CARPETA FOLDER CARTA;UNIDAD;PAPELERIA;PAPELERIA
3438;CARPETA FOLDER CARTA VERTICAL C/CELUGUIA;UNIDAD;PAPELERIA;PAPELERIA
3004;CARPETA FOLDER OFICIO;UNIDAD;PAPELERIA;PAPELERIA
3591;CARPETA FOLDER OFICIO VERTICAL C/CELUGUIA;UNIDAD;PAPELERIA;PAPELERIA
2823;CARPETA LEGAJADORA CARTA;UNIDAD;PAPELERIA;PAPELERIA
3110;CARPETA LEGAJADORA CARTA PLASTICA C/GANCHO;UNIDAD;PAPELERIA;PAPELERIA
3105;CARPETA LEGAJADORA OFICIO 2 TAPAS;UNIDAD;PAPELERIA;PAPELERIA
3104;CARPETA LEGAJADORA OFICIO PLASTICA C/GANCHO;UNIDAD;PAPELERIA;PAPELERIA
3675;CARPETA LISTA DE PRECIOS CON 20 BOLSILLOS;UNIDAD;PAPELERIA;PAPELERIA
3518;CARPETA PLASTICA CARTA TRANSPARENTE CON HILO VERTICAL;UNIDAD;PAPELERIA;PAPELERIA
3783;CARPETA PLASTICA CIERRE MEDIA CARTA;UNIDAD;PAPELERIA;PAPELERIA
3617;CARPETA PLASTICA CON BISEL CARTA;UNIDAD;PAPELERIA;PAPELERIA
3618;CARPETA PLASTICA CON BISEL OFICIO;UNIDAD;PAPELERIA;PAPELERIA
3527;CARPETA PLASTICA OFICIO TRANSPARENTE CON HILO VERTICAL;UNIDAD;PAPELERIA;PAPELERIA
3238;CARPETA PLASTICA TRANSPARENTE CON BROCHE;UNIDAD;PAPELERIA;PAPELERIA
3650;CARTON PAJA 1/4 DE 400 GR;UNIDAD;PAPELERIA;PAPELERIA
2868;CARTULINA BRISTOL 150 GR OFICIO PAQ X 100 UN;PAQUETE;PAPELERIA;PAPELERIA
3866;CARTULINA BRISTOL BLANCA 60 X 90;UNIDAD;PAPELERIA;PAPELERIA
3863;CARTULINA BRISTOL NEGRA;UNIDAD;PAPELERIA;PAPELERIA
2867;CARTULINA LEGAJADORA OFICIO PAQ X 25 PARES;PAQUETE;PAPELERIA;PAPELERIA
3284;CARTULINA NEGRA 170 GR 70 X 100;UNIDAD;PAPELERIA;PAPELERIA
3237;CARTULINA OPALINA CARTA PAQ X 50 UN;PAQUETE;PAPELERIA;PAPELERIA
3022;CARTULINA PLANA 1/8 PAQ X 100 UND;PAQUETE;PAPELERIA;PAPELERIA
3865;CARTULINA PLANA 70 X 50 VARIOS;UNIDAD;PAPELERIA;PAPELERIA
2854;CD PRINCO X UN;UNIDAD;PAPELERIA;PAPELERIA
2970;CD RW TORRE X 25 UN;PAQUETE;PAPELERIA;PAPELERIA
3067;CELUGUIA EN CARTULINA PARA FOLDER PAQ X 160 UN;PAQUETE;PAPELERIA;PAPELERIA
2812;CHINCHE PLASTIFICADO X CAJA ;CAJA;PAPELERIA;PAPELERIA
3050;"CINTA AISLANTE 1"" X 20 MT COLORES VARIOS";ROLLO;PAPELERIA;PAPELERIA
3690;CINTA DOBLE FAZ 12 MM X 5 MT;ROLLO;PAPELERIA;PAPELERIA
3057;CINTA DOBLE FAZ 12 X 50;ROLLO;PAPELERIA;PAPELERIA
2899;CINTA DOBLE FAZ 18 X 5;ROLLO;PAPELERIA;PAPELERIA
2865;"CINTA ENMASCARAR 1"" X 20 YD AZUL";ROLLO;PAPELERIA;PAPELERIA
3264;"CINTA ENMASCARAR 1"" X 40 MT";ROLLO;PAPELERIA;PAPELERIA
3205;"CINTA ENMASCARAR 1/2"" X 40 MT";ROLLO;PAPELERIA;PAPELERIA
3294;"CINTA ENMASCARAR 2"" X 20 MT";ROLLO;PAPELERIA;PAPELERIA
3470;"CINTA ENMASCARAR 2"" X 40 MT";ROLLO;PAPELERIA;PAPELERIA
1492;"CINTA ENMASCARAR 3/4"" X 40 MT";ROLLO;PAPELERIA;PAPELERIA
3839;"CINTA ENMASCARAR 3/4"" X 50 MT AZUL";ROLLO;PAPELERIA;PAPELERIA
3436;CINTA ONIX PARA IMPRESORA EPSON FX890;UNIDAD;PAPELERIA;PAPELERIA
3026;CINTA PAPEL 20 MM X 50 YD COLORES SURTIDOS;ROLLO;PAPELERIA;PAPELERIA
3357;CINTA PARA IMPRESORA EPSON 388;UNIDAD;PAPELERIA;PAPELERIA
3475;CINTA PARA IMPRESORA LASER NP ERC-38B;UNIDAD;PAPELERIA;PAPELERIA
3492;CINTA PARA IMPRESORA ONIX REF 596 HY;UNIDAD;PAPELERIA;PAPELERIA
3378;"CINTA TRANSPARENTE 1"" X 40 MT";ROLLO;PAPELERIA;PAPELERIA
2820;"CINTA TRANSPARENTE 1/2"" 40 MT";ROLLO;PAPELERIA;PAPELERIA
3858;"CINTA TRANSPARENTE 1/2"" X 20 MT";ROLLO;PAPELERIA;PAPELERIA
1283;"CINTA TRANSPARENTE 2"" X 100 MT";ROLLO;PAPELERIA;PAPELERIA
3213;"CINTA TRANSPARENTE 2"" X 300 MT";ROLLO;PAPELERIA;PAPELERIA
2858;"CINTA TRANSPARENTE 2"" X 40 MT";ROLLO;PAPELERIA;PAPELERIA
3027;COLORES UNIPUNTA CAJA X 12 UND;CAJA;PAPELERIA;PAPELERIA
3403;COLORES UNIPUNTA X UNIDAD;UNIDAD;PAPELERIA;PAPELERIA
3379;COMPROBANTE DE EGRESO;TALONARIO;PAPELERIA;PAPELERIA
3573;COMPROBANTE EGRESO REF 2006A MINERVA;PAQUETE;PAPELERIA;PAPELERIA
3109;CONTACT PLUS TRANSPARENTE X 3 MT;ROLLO;PAPELERIA;PAPELERIA
3204;CONTRATO DE TRABAJO MINERVA PAQ X 12 UN;PAQUETE;PAPELERIA;PAPELERIA
3121;CORRECTOR EN CINTA;UNIDAD;PAPELERIA;PAPELERIA
2864;CORRECTOR LAPIZ ;UNIDAD;PAPELERIA;PAPELERIA
3257;CORRECTOR LAPIZ FABER CASTELL;UNIDAD;PAPELERIA;PAPELERIA
2631;CORRECTOR LIQUIDO LIQUID PAPER;UNIDAD;PAPELERIA;PAPELERIA
2818;CORRECTOR LIQUIDO LIQUID PAPER 22 ML;UNIDAD;PAPELERIA;PAPELERIA
2793;COSEDORA CLASICA GP-200 20 HOJAS;UNIDAD;PAPELERIA;PAPELERIA
3039;COSEDORA GIPAO GP935 20 HJ;UNIDAD;PAPELERIA;PAPELERIA
3528;COSEDORA MEDIANA GIPAO REF 206;UNIDAD;PAPELERIA;PAPELERIA
3719;COSEDORA METALICA GRANDE BATES 550C;UNIDAD;PAPELERIA;PAPELERIA
3155;COSEDORA METALICA PEQUEÑA RANK;UNIDAD;PAPELERIA;PAPELERIA
2786;COSEDORA RAPID ALICATE METALICA;UNIDAD;PAPELERIA;PAPELERIA
3191;COSEDORA TRITON GRANDE REF 2610;UNIDAD;PAPELERIA;PAPELERIA
3285;CRAYOLA INDUSTRIAL CJ X 10 UN FABER ;CAJA;PAPELERIA;PAPELERIA
2397;CUADERNO ARGOLLADO RAYADO X 100 HOJAS;UNIDAD;PAPELERIA;PAPELERIA
3096;CUADERNO COSIDO 100 HOJAS;UNIDAD;PAPELERIA;PAPELERIA
3469;CUADERNO CUADRICULADO 100 HOJAS;UNIDAD;PAPELERIA;PAPELERIA
3228;CUADERNO LIBRETA 1/2 CARTA RAYAS ARGOLLADA;UNIDAD;PAPELERIA;PAPELERIA
2759;CUBIERTA LEGAJADORA Nº 13 OFICIO NORMA;PAR;PAPELERIA;PAPELERIA
3273;CUCHILLA PARA BISTURI REPUESTO PAQ X 10 UN;PAQUETE;PAPELERIA;PAPELERIA
2488;DESCANSA MUÑECAS EN GEL PARA TECLADO REF TPG-193;UNIDAD;PAPELERIA;PAPELERIA
3538;"DISPENSADOR DE CINTA TRANSPARENTE DE 1/2""";UNIDAD;PAPELERIA;PAPELERIA
3427;DVD TORRE X 50 UN;UNIDAD;PAPELERIA;PAPELERIA
3626;ESCUADRA DE MADERA 45° IDEAL;UNIDAD;PAPELERIA;PAPELERIA
3127;FIJA BOLIGRAFO SENCILLO;UNIDAD;PAPELERIA;PAPELERIA
3028;FOAMY PLIEGO COLORES SURTIDOS;UNIDAD;PAPELERIA;PAPELERIA
3247;FOLDER CATALOGO CARTA;UNIDAD;PAPELERIA;PAPELERIA
2969;FOLDER LEGAJADOR 2.0 D BLANCO;UNIDAD;PAPELERIA;PAPELERIA
3443;FONOMEMO MINERVA 35-05;UNIDAD;PAPELERIA;PAPELERIA
3114;FORMA CONTINUA CARTA BLANCA 3P;CAJA;PAPELERIA;PAPELERIA
3442;FORMA CONTINUA MEDIA CARTA BLANCA 1P;CAJA;PAPELERIA;PAPELERIA
3120;FORMA CONTINUA MEDIA CARTA BLANCA 3P;CAJA;PAPELERIA;PAPELERIA
3462;GANCHO ADHESIVO PLASTICO;UNIDAD;PAPELERIA;PAPELERIA
3473;GANCHO CLIP JUMBO X CAJA;CAJA;PAPELERIA;PAPELERIA
2838;GANCHO CLIP MARIPOSA X CAJA;CAJA;PAPELERIA;PAPELERIA
2688;GANCHO CLIP PEQUEÑO X CAJA;CAJA;PAPELERIA;PAPELERIA
3454;GANCHO COSEDORA INDUSTRIAL 23/10 X 1000 ;CAJA;PAPELERIA;PAPELERIA
3019;GANCHO COSEDORA INDUSTRIAL 5/16 X 5000 UN;CAJA;PAPELERIA;PAPELERIA
2722;GANCHO COSEDORA TRITON X CAJA;CAJA;PAPELERIA;PAPELERIA
2851;GANCHO COSEDORA X 5.000 GIPAO 26/6;CAJA;PAPELERIA;PAPELERIA
2348;GANCHO LEGAJADOR METALICO CAJA X 20 UND;CAJA;PAPELERIA;PAPELERIA
2760;GANCHO LEGAJADOR PLASTICO PAQ X 20 UN;PAQUETE;PAPELERIA;PAPELERIA
2369;GANCHO PARA COSEDORA 26/8 CAJA X 5.000 UND;CAJA;PAPELERIA;PAPELERIA
3752;GANCHO TIPO LOTERO 15 MM;UNIDAD;PAPELERIA;PAPELERIA
3753;GANCHO TIPO LOTERO 19 MM;UNIDAD;PAPELERIA;PAPELERIA
3809;GANCHO TIPO LOTERO 25 MM;UNIDAD;PAPELERIA;PAPELERIA
3611;GANCHO TIPO LOTERO 32 MM;UNIDAD;PAPELERIA;PAPELERIA
3042;GANCHO TIPO LOTERO 41 MM;UNIDAD;PAPELERIA;PAPELERIA
3225;GUILLOTINA MEDIANA 360 MM X 288 MM;UNIDAD;PAPELERIA;PAPELERIA
2212;HUELLERO DACTILAR PEQUEÑO;UNIDAD;PAPELERIA;PAPELERIA
3730;HUMEDECEDOR DACTILAR 11 GR;UNIDAD;PAPELERIA;PAPELERIA
2684;HUMEDECEDOR DACTILAR 50 GR;UNIDAD;PAPELERIA;PAPELERIA
2630;LAPIZ 2 HB CAJA X 12 UN;CAJA;PAPELERIA;PAPELERIA
2949;LAPIZ 2 HB X UN;UNIDAD;PAPELERIA;PAPELERIA
3585;LAPIZ BLANCO X UN;UNIDAD;PAPELERIA;PAPELERIA
2839;LAPIZ MIRADO Nº 2 NEGRO CAJA X 12;CAJA;PAPELERIA;PAPELERIA
3012;LAPIZ MIRADO Nº 2 X UNIDAD;UNIDAD;PAPELERIA;PAPELERIA
3653;LIBRETA CUENTA DE COBRO MEDIA CARTA MINERVA;UNIDAD;PAPELERIA;PAPELERIA
3126;LIBRO DE ACTAS 100 FOLIOS OFICIO;UNIDAD;PAPELERIA;PAPELERIA
3207;LIBRO DE ACTAS 200 FOLIOS OFICIO;UNIDAD;PAPELERIA;PAPELERIA
3202;LIBRO DE ACTAS 400 FOLIOS OFICIO;UNIDAD;PAPELERIA;PAPELERIA
3531;LIBRO DE CONTABILIDAD 1/2 OFICIO 80 FOLIOS;UNIDAD;PAPELERIA;PAPELERIA
3183;LIBRO DE CONTABILIDAD OFICIO 100 FOLIOS;UNIDAD;PAPELERIA;PAPELERIA
3175;LIMPIADOR DE PANTALLAS X 250 ML;UNIDAD;PAPELERIA;PAPELERIA
3455;LIMPIADOR DE TABLEROS ACRILICOS X 100 ML;FRASCO;PAPELERIA;PAPELERIA
3461;LLAVERO IDENTIFICADOR;UNIDAD;PAPELERIA;PAPELERIA
3375;LUPA DE MANGO 75 MM DE DIAMETRO;UNIDAD;PAPELERIA;PAPELERIA
3493;MARCADOR BORRABLE EDDING;UNIDAD;PAPELERIA;PAPELERIA
2862;MARCADOR BORRABLE PUNTA GRUESA CAJA X 12 UN;CAJA;PAPELERIA;PAPELERIA
3030;MARCADOR BORRABLE PUNTA GRUESA EXPO X UN;UNIDAD;PAPELERIA;PAPELERIA
2216;MARCADOR BORRABLE PUNTA GRUESA X UN;UNIDAD;PAPELERIA;PAPELERIA
3217;MARCADOR CHEQUEADOR DE BILLETES PELIKAN;UNIDAD;PAPELERIA;PAPELERIA
3736;MARCADOR METALICO PUNTA DELGADA SHARPIE X UN;UNIDAD;PAPELERIA;PAPELERIA
2948;MARCADOR PERMANENTE PUNTA DELGADA X UN;UNIDAD;PAPELERIA;PAPELERIA
2869;MARCADOR PERMANENTE PUNTA GRUESA CAJA X 12 UN;CAJA;PAPELERIA;PAPELERIA
1828;MARCADOR PERMANENTE PUNTA GRUESA X UN;UNIDAD;PAPELERIA;PAPELERIA
2853;MARCADOR PERMANENTE SHARPIE DELGADO CAJA X 12 UN;CAJA;PAPELERIA;PAPELERIA
2238;MARCADOR PERMANENTE SHARPIE DELGADO X UN;UNIDAD;PAPELERIA;PAPELERIA
3211;MARCADOR PERMANENTE SHARPIE PUNTA GRUESA CAJA X 12;CAJA;PAPELERIA;PAPELERIA
2782;MEMORIA USB 16 GB;UNIDAD;PAPELERIA;PAPELERIA
3326;MEMORIA USB 32 GB;UNIDAD;PAPELERIA;PAPELERIA
2886;MEMORIA USB 4 GB;UNIDAD;PAPELERIA;PAPELERIA
3061;MEMORIA USB 8 GB;UNIDAD;PAPELERIA;PAPELERIA
3229;MINAS FABER CASTELL 0.5;UNIDAD;PAPELERIA;PAPELERIA
2426;MINAS FABER CASTELL 0.7;UNIDAD;PAPELERIA;PAPELERIA
3666;MINAS GIPAO 2.0 MM;UNIDAD;PAPELERIA;PAPELERIA
3055;MIRELLA COLORES VARIOS X 500 GR;BOLSA;PAPELERIA;PAPELERIA
3034;NYLON 6 LBS CARRETA X 90 MTS;ROLLO;PAPELERIA;PAPELERIA
2482;PAD MOUSE SENCILLO;UNIDAD;PAPELERIA;PAPELERIA
3051;PALOS MADERA PARA PALETAS X 1.000 UN;PAQUETE;PAPELERIA;PAPELERIA
2824;PAPEL CARBON CARTA X 50 HOJAS;PAQUETE;PAPELERIA;PAPELERIA
2394;PAPEL CONTACT TRANSPARENTE ROLLO X 20 MTS;ROLLO;PAPELERIA;PAPELERIA
3722;PAPEL FOCOCOPIA CARTA ECOLOGICO RESMA;RESMA;PAPELERIA;PAPELERIA
2218;PAPEL FOTOCOPIA CARTA 75 GR RESMA;UNIDAD;PAPELERIA;PAPELERIA
2619;PAPEL FOTOCOPIA MEDIA CARTA 75 GR RESMA;UNIDAD;PAPELERIA;PAPELERIA
2522;PAPEL FOTOCOPIA OFICIO 75 GR RESMA;UNIDAD;PAPELERIA;PAPELERIA
3723;PAPEL FOTOCOPIA OFICIO ECOLOGICO RESMA;RESMA;PAPELERIA;PAPELERIA
3312;PAPEL FOTOGRAFICO POINTER PAQ X 20 HOJAS;PAQUETE;PAPELERIA;PAPELERIA
3864;PAPEL GLOBO COLOR ROLLO X 20;ROLLO;PAPELERIA;PAPELERIA
2783;PAPEL IRIS MINIPACK 80 GR CARTA;UNIDAD;PAPELERIA;PAPELERIA
3263;PAPEL KRAFT 60 CM X 7 KG;ROLLO;PAPELERIA;PAPELERIA
3283;PAPEL SEDA 70 X 50 PAQ X 20 ;PAQUETE;PAPELERIA;PAPELERIA
2890;PAPEL TERMICO REGISTRADORA 57 MM X 10 MT;ROLLO;PAPELERIA;PAPELERIA
2910;PAPEL TERMICO REGISTRADORA 57 MM X 30 MT;ROLLO;PAPELERIA;PAPELERIA
3305;PAPEL TERMICO REGISTRADORA 76 MM X 30 MT;ROLLO;PAPELERIA;PAPELERIA
2799;PAPEL TERMICO REGISTRADORA 80 MM X 30 MT;ROLLO;PAPELERIA;PAPELERIA
3477;PAPEL TERMICO REGISTRADORA 80 MM X 60 MT;ROLLO;PAPELERIA;PAPELERIA
3073;PAPELERA PARA ESCRITORIO MALLA DE 1;UNIDAD;PAPELERIA;PAPELERIA
3672;PAPELERA PARA ESCRITORIO MALLA DE 2;UNIDAD;PAPELERIA;PAPELERIA
3074;PAPELERA PARA ESCRITORIO MALLA DE 3;UNIDAD;PAPELERIA;PAPELERIA
2723;PASTA DATA PLUS 10 NEGRA;UNIDAD;PAPELERIA;PAPELERIA
3085;PASTA DATA PLUS 14 NEGRA;UNIDAD;PAPELERIA;PAPELERIA
3258;PEGANTE EN BARRA FABER CASTELL X 40 GR;UNIDAD;PAPELERIA;PAPELERIA
3206;PEGANTE EN BARRA PEGASTIC X 10 GR;UNIDAD;PAPELERIA;PAPELERIA
3302;PEGANTE EN BARRA PEGASTIC X 40 GR;UNIDAD;PAPELERIA;PAPELERIA
3018;PEGANTE EN BARRA X 25 GR;UNIDAD;PAPELERIA;PAPELERIA
2866;PEGANTE EN BARRA X 36 GR ;UNIDAD;PAPELERIA;PAPELERIA
2421;PEGANTE EN BARRA X 40 GR;UNIDAD;PAPELERIA;PAPELERIA
3029;PEGANTE LIQUIDO X 250 GR;FRASCO;PAPELERIA;PAPELERIA
2947;PEGANTE LIQUIDO X KILO;FRASCO;PAPELERIA;PAPELERIA
2436;PERFORADORA 2 HUECOS GP 310 MEDIANA;UNIDAD;PAPELERIA;PAPELERIA
2944;PERFORADORA 2 HUECOS GP 880 GRANDE;UNIDAD;PAPELERIA;PAPELERIA
3256;PERFORADORA 2 HUECOS RANK 1050 SEMIINDUSTRIAL;UNIDAD;PAPELERIA;PAPELERIA
2945;PERFORADORA 2 HUECOS STUDMARK 4522 INDUSTRIAL;UNIDAD;PAPELERIA;PAPELERIA
2852;PERFORADORA 3 HUECOS STUDMARK 4512;UNIDAD;PAPELERIA;PAPELERIA
3043;PERFORADORA INDUSTRIAL 2H 40H GP880;UNIDAD;PAPELERIA;PAPELERIA
3035;PINCELES CERDA SURTIDOS;UNIDAD;PAPELERIA;PAPELERIA
2837;PISTOLA SILICONA EN BARRA ;UNIDAD;PAPELERIA;PAPELERIA
3033;PLASTILINA COLORES SURTIDOS X 180 GR;UNIDAD;PAPELERIA;PAPELERIA
3137;PLASTILINA COLORES VARIOS X KILO;BOLSA;PAPELERIA;PAPELERIA
3049;PLASTILINA X 9 X 55 GR;CAJA;PAPELERIA;PAPELERIA
3465;PLIEGO FOMI 2 MM ESCARCHADO;UNIDAD;PAPELERIA;PAPELERIA
3748;PLUMIGRAFO DELGADO FABER CASTELL NEGRO;UNIDAD;PAPELERIA;PAPELERIA
2776;PORTA ESCARAPELA EN VINILO CON CORDON;UNIDAD;PAPELERIA;PAPELERIA
2844;PORTA LAPICERO REDONDO EN REJILLA;UNIDAD;PAPELERIA;PAPELERIA
3476;PORTA LAPICEROS 3 USOS;UNIDAD;PAPELERIA;PAPELERIA
3165;PORTABORRADOR RETRACTIL;UNIDAD;PAPELERIA;PAPELERIA
3062;PORTAGUIA EN ACETATO TRANSPARENTE PAQ X 10 UNID;PAQUETE;PAPELERIA;PAPELERIA
3377;PORTALLAVES METALICO CON CHAPA;UNIDAD;PAPELERIA;PAPELERIA
2223;PORTAMINAS 0.5 MM PLASTICO;UNIDAD;PAPELERIA;PAPELERIA
2226;PORTAMINAS 0.7 FABER;UNIDAD;PAPELERIA;PAPELERIA
3667;PORTAMINAS 2.0 MM PLASTICO;UNIDAD;PAPELERIA;PAPELERIA
3788;PRODUCTOS VARIOS DE CUMPLEAÑOS;UNIDAD;PAPELERIA;PAPELERIA
3829;PUNZONES PLASTICOS Y METALICOS;UNIDAD;PAPELERIA;PAPELERIA
3259;REGLA FABER CASTELL X 30 CM;UNIDAD;PAPELERIA;PAPELERIA
3341;REGLA METALICA 30 CM;UNIDAD;PAPELERIA;PAPELERIA
2632;REGLA PLASTICA TODAS;UNIDAD;PAPELERIA;PAPELERIA
3732;REGLA PROFESIONAL 50 CM FABER CASTELL;UNIDAD;PAPELERIA;PAPELERIA
2229;RESALTADOR GRUESO VARIOS;UNIDAD;PAPELERIA;PAPELERIA
3818;RESALTADOR PASTEL PELIKAN;UNIDAD;PAPELERIA;PAPELERIA
2236;RESALTADOR SHARPIE VARIOS;UNIDAD;PAPELERIA;PAPELERIA
3762;REVISTERO CARTON FORRADO;UNIDAD;PAPELERIA;PAPELERIA
2301;ROLLO DE PAPEL 63*30;ROLLO;PAPELERIA;PAPELERIA
3023;ROLLO PAPEL PARA FAX X 30 MT;ROLLO;PAPELERIA;PAPELERIA
3808;ROTULO ADHESIVO CARTA 67 X 25 PAQ X 10 HOJAS;PAQUETE;PAPELERIA;PAPELERIA
3468;ROTULO ADHESIVO CARTA 72 X 25 PAQ X 10 HOJAS;PAQUETE;PAPELERIA;PAPELERIA
2757;SACAGANCHO GIPAO;UNIDAD;PAPELERIA;PAPELERIA
2794;SACAPUNTA METALICO SENCILLO;UNIDAD;PAPELERIA;PAPELERIA
2968;SEPARADOR A COLOR 1 - 12 PARA FOLDER;PAQUETE;PAPELERIA;PAPELERIA
3754;SEPARADOR A COLOR 1-31 PARA FOLDER;PAQUETE;PAPELERIA;PAPELERIA
3239;SEPARADOR CARTULINA 105 PAQ X 5 UN SURTIDO;PAQUETE;PAPELERIA;PAPELERIA
3519;SEPARADOR FOLDER PRIMAVERA PLASTICO PAQ X 5 UND;PAQUETE;PAPELERIA;PAPELERIA
2821;SEPARADOR PLASTICO 105 PAQ X 5 UN SURTIDO;PAQUETE;PAPELERIA;PAPELERIA
3230;SILICONA BARRA DELGADA PAQ X 700 GR;PAQUETE;PAPELERIA;PAPELERIA
3031;SILICONA EN BARRA GRUESA X 11.5 MM;UNIDAD;PAPELERIA;PAPELERIA
3032;SILICONA LIQUIDA X 250 ML;FRASCO;PAPELERIA;PAPELERIA
3425;SILICONA LIQUIDA X 500 ML;UNIDAD;PAPELERIA;PAPELERIA
3785;SILLA EJECUTIVA GIRATORIA CON RODACHINES;UNIDAD;PAPELERIA;PAPELERIA
3705;SILLA PLASTICA CON ANTEBRAZOS VANI PLAST;UNIDAD;MUEBLES Y ENSERES;MUEBLES Y ENSERES
3282;SOBRE BLANCO CARTA;UNIDAD;PAPELERIA;PAPELERIA
2764;SOBRE BLANCO OFICIO CAJA X 500 UN;CAJA;PAPELERIA;PAPELERIA
2237;SOBRE DE MANILA CARTA;UNIDAD;PAPELERIA;PAPELERIA
3025;SOBRE DE MANILA MEDIA CARTA ECOLOGICO;UNIDAD;PAPELERIA;PAPELERIA
2393;SOBRE DE MANILA OFICIO;UNIDAD;PAPELERIA;PAPELERIA
3227;SOBRE DE MANILA OFICIO BLANCO;UNIDAD;PAPELERIA;PAPELERIA
3751;SOBRE DE MANILA PAGO ECOLOGICO;UNIDAD;PAPELERIA;PAPELERIA
2400;SOBRE DE MANILA RADIOGRAFIA;UNIDAD;PAPELERIA;PAPELERIA
3112;TABLA DE APOYO DE MADERA ;UNIDAD;PAPELERIA;PAPELERIA
2919;TABLA DE APOYO PLASTICA PLANILLERA;UNIDAD;PAPELERIA;PAPELERIA
3687;TABLERO ACRILICO 40 CM X 60 CM;UNIDAD;PAPELERIA;PAPELERIA
3679;TABLERO ACRILICO 80 CM X 120 CM;UNIDAD;PAPELERIA;PAPELERIA
2889;TABLERO ACRILICO 80 CM X 60 CM;UNIDAD;PAPELERIA;PAPELERIA
2687;TABLERO DE CORCHO 45 CM X 60 CM;UNIDAD;PAPELERIA;PAPELERIA
3612;TACO ADHESIVO MINI PAQ X 4 UN;PAQUETE;PAPELERIA;PAPELERIA
3685;TACO ADHESIVO X 100 7.5 CM X 7.5 CM;UNIDAD;PAPELERIA;PAPELERIA
3393;TACO ADHESIVO X 300 5 CM X 5 CM;UNIDAD;PAPELERIA;PAPELERIA
3184;TACO ADHESIVO X 320 5 CM X 5 CM;UNIDAD;PAPELERIA;PAPELERIA
3340;TACO ADHESIVO X 400 5 CM X 5 CM;UNIDAD;PAPELERIA;PAPELERIA
2863;TACOS DE PAPEL BOND PARA NOTAS;UNIDAD;PAPELERIA;PAPELERIA
2748;TALONARIO DE REMISIONES;UNIDAD;PAPELERIA;PAPELERIA
3013;TALONARIO RECIBO DE CAJA MENOR SENCILLO X 100 HOJAS;UNIDAD;PAPELERIA;PAPELERIA
3249;TALONARIO RECIBO DE CAJA MENOR X 200 HJ;TALONARIO;PAPELERIA;PAPELERIA
3449;TARJETA KARDEX PAQ X 100 UN O.D.;PAQUETE;PAPELERIA;PAPELERIA
2689;TARJETERO GRANDE;UNIDAD;PAPELERIA;PAPELERIA
3209;TARRO DE TINTA G2100 COLORES VARIOS;UNIDAD;PAPELERIA;PAPELERIA
3210;TARRO DE TINTA L555 COLORES VARIOS;UNIDAD;PAPELERIA;PAPELERIA
3036;TEMPERAS ACRILICAS X 500 ML COLORES SURTIDOS;FRASCO;PAPELERIA;PAPELERIA
3828;"TIJERA 6.0"" GIPAO";UNIDAD;PAPELERIA;PAPELERIA
3200;"TIJERA 6.5"" OPTIMISSA";UNIDAD;PAPELERIA;PAPELERIA
2850;"TIJERA 7"" GIPAO ";UNIDAD;PAPELERIA;PAPELERIA
3731;"TIJERA 7.0"" OPTIMISSA";UNIDAD;PAPELERIA;PAPELERIA
3044;"TIJERA 8.0"" GIPAO";UNIDAD;PAPELERIA;PAPELERIA
3877;TIJERA PULIDORA TC800;UNIDAD;PAPELERIA;PAPELERIA
2399;TIJERA PUNTA ROMA MEDIANA;UNIDAD;PAPELERIA;PAPELERIA
3457;TINTA CANON BOTELLA CYAN GI-190;FRASCO;PAPELERIA;PAPELERIA
3768;TINTA CANON BOTELLA MAGENTA GI-190;FRASCO;PAPELERIA;PAPELERIA
3777;TINTA CANON BOTELLA NEGRA GI-190;UNIDAD;PAPELERIA;PAPELERIA
3767;TINTA CANON BOTELLA YELLOW GI-190;FRASCO;PAPELERIA;PAPELERIA
3487;TINTA PARA IMPRESORA SERIE G X 4 UN;KIT;PAPELERIA;PAPELERIA
3474;TINTA PARA IMPRESORA SERIE L COMBO X5;KIT;PAPELERIA;PAPELERIA
3575;TINTA PARA MARCADOR BORRABLE X 20 ML SURTIDA;UNIDAD;PAPELERIA;PAPELERIA
2685;TINTA PARA SELLOS NEGRA;UNIDAD;PAPELERIA;PAPELERIA
3456;TINTA PARA SELLOS ROJA X 28 CC;FRASCO;PAPELERIA;PAPELERIA
2929;TIZA ESCOLAR BLANCA CAJA X 100 UN;CAJA;PAPELERIA;PAPELERIA
2883;TONER 85A PARA IMPRESORA HP;UNIDAD;PAPELERIA;PAPELERIA
3099;TONER 950XL NEGRO PARA IMPRESORA HP;UNIDAD;PAPELERIA;PAPELERIA
3102;TONER 951XL AMARILLO PARA IMPRESORA HP;UNIDAD;PAPELERIA;PAPELERIA
3100;TONER 951XL CIAN PARA IMPRESORA HP;UNIDAD;PAPELERIA;PAPELERIA
3101;TONER 951XL MAGENTA PARA IMPRESORA HP;UNIDAD;PAPELERIA;PAPELERIA
2859;TONER CE278A PARA IMPRESORA HP;UNIDAD;PAPELERIA;PAPELERIA
2861;TONER CE285A PARA IMPRESORA HP;UNIDAD;PAPELERIA;PAPELERIA
2860;TONER CF283A PARA IMPRESORA HP;UNIDAD;PAPELERIA;PAPELERIA
3642;TONER EPSON T504120-AL NEGRO 70 ML L4;UNIDAD;PAPELERIA;PAPELERIA
3643;TONER EPSON T504220-AL CYAN 70 ML L415;UNIDAD;PAPELERIA;PAPELERIA
3644;TONER EPSON T504320-AL MAGENTA 70 ML;UNIDAD;PAPELERIA;PAPELERIA
3645;TONER EPSON T504420-AL YELLOW 70 ML L;UNIDAD;PAPELERIA;PAPELERIA
3681;TONER EPSON T664120 L200 NEGRA;UNIDAD;PAPELERIA;PAPELERIA
3709;TONER EPSON T664220 L200 CYAN;UNIDAD;PAPELERIA;PAPELERIA
3710;TONER EPSON T664320 L200 MAGENTA;UNIDAD;PAPELERIA;PAPELERIA
3804;TONER EPSON T664420 L200 AMARILLO;UNIDAD;PAPELERIA;PAPELERIA
3208;TONER HP CF 226A;UNIDAD;PAPELERIA;PAPELERIA
3769;TONER ORIGINAL EPSON T544120-AL NEGRA L3110/L315;UNIDAD;PAPELERIA;PAPELERIA
3770;TONER ORIGINAL EPSON T544220-AL CYAN L3110/L315;UNIDAD;PAPELERIA;PAPELERIA
3771;TONER ORIGINAL EPSON T544320-AL MAGENTA L3110/L315;UNIDAD;PAPELERIA;PAPELERIA
3772;TONER ORIGINAL EPSON T544420-AL YELLOW L3110/L315;UNIDAD;PAPELERIA;PAPELERIA
3652;TONER PARA IMPRESORA EPSON 380;UNIDAD;PAPELERIA;PAPELERIA
1451;ANTEOJOS DE SEGURIDAD CLARO DUKE EN166F;UNIDAD;SEGURIDAD INDUSTRIAL;SEGURIDAD INDUSTRIAL
3343;ANTEOJOS DE SEGURIDAD REF 70590 TRANSP ANTIEMP RACHET SOSEGA;UNIDAD;SEGURIDAD INDUSTRIAL;SEGURIDAD INDUSTRIAL
3632;ANTEOJOS DE SEGURIDAD REF: 20575 TRANSP ASTRO;UNIDAD;SEGURIDAD INDUSTRIAL;SEGURIDAD INDUSTRIAL
3583;ANTEOJOS DE SEGURIDAD REF: 901259140236 STEELPRO;UNIDAD;SEGURIDAD INDUSTRIAL;SEGURIDAD INDUSTRIAL
3676;ANTEOJOS DE SEGURIDAD REF: EN166F TRANSPARENTE DUKE;UNIDAD;SEGURIDAD INDUSTRIAL;SEGURIDAD INDUSTRIAL
1549;ANTEOJOS DE SEGURIDAD REF: SS-180 UV-400 WORKSAFE;UNIDAD;SEGURIDAD INDUSTRIAL;SEGURIDAD INDUSTRIAL
1392;ANTEOJOS DE SEGURIDAD REF: V50C TRANSP ANTIEMP WORKSEG;UNIDAD;SEGURIDAD INDUSTRIAL;SEGURIDAD INDUSTRIAL
2418;ANTEOJOS DE SEGURIDAD REF: V50G OSCURO ANTIEMP WORKSEG;UNIDAD;SEGURIDAD INDUSTRIAL;SEGURIDAD INDUSTRIAL
1887;ANTEOJOS DE SEGURIDAD REF: V70 TRANSP ANTIEMP WORKSEG;UNIDAD;SEGURIDAD INDUSTRIAL;SEGURIDAD INDUSTRIAL
3313;ANTEOJOS DE SEGURIDAD REF: V70E ESPEJADO ENTIEMPAÑANTE WORKS;UNIDAD;SEGURIDAD INDUSTRIAL;SEGURIDAD INDUSTRIAL
1970;ANTEOJOS DE SEGURIDAD TRANSPARENTES STEELPRO;UNIDAD;SEGURIDAD INDUSTRIAL;SEGURIDAD INDUSTRIAL
2524;ANTEOJOS DE SEGURIDAD V36C TRANSP WORKSEG;UNIDAD;SEGURIDAD INDUSTRIAL;SEGURIDAD INDUSTRIAL
1548;ANTEOJOS DE SEGURIDAD V65C TRANSPARENTE ANTIEMP WORK;UNIDAD;SEGURIDAD INDUSTRIAL;SEGURIDAD INDUSTRIAL
2525;ANTEOJOS DE SEGURIDAD V65G OSCURO ANTIEMP WORKSEG;UNIDAD;SEGURIDAD INDUSTRIAL;SEGURIDAD INDUSTRIAL
1550;ANTEOJOS DE SEGURIDAD VC TRANSPARENTE ANTIEMPAÑANTE;UNIDAD;SEGURIDAD INDUSTRIAL;SEGURIDAD INDUSTRIAL
1972;ANTEOJOS TRANSPARENTES 070520 SOSEGA;UNIDAD;SEGURIDAD INDUSTRIAL;SEGURIDAD INDUSTRIAL
1718;ARNES CUERPO ENTERO 4 ARGOLLAS;UNIDAD;SEGURIDAD INDUSTRIAL;SEGURIDAD INDUSTRIAL
2448;AVISO DE SEÑALIZACION VARIOS;UNIDAD;SEGURIDAD INDUSTRIAL;SEGURIDAD INDUSTRIAL
1785;AVISO DE SEÑALIZACION VARIOS 20 CM X 30 CM ;UNIDAD;SEGURIDAD INDUSTRIAL;SEGURIDAD INDUSTRIAL
2708;BARBUQUEJO CON MENTONERA 2 PUNTOS;UNIDAD;SEGURIDAD INDUSTRIAL;SEGURIDAD INDUSTRIAL
2205;BARBUQUEJO CON MENTONERA 3 PUNTOS;UNIDAD;SEGURIDAD INDUSTRIAL;SEGURIDAD INDUSTRIAL
1771;BARBUQUEJO CON MENTONERA 4 PUNTOS;UNIDAD;SEGURIDAD INDUSTRIAL;SEGURIDAD INDUSTRIAL
1873;BATA 3/4 DACRON AZUL M/C TODAS TALLAS;UNIDAD;DOTACIONES;SEGURIDAD INDUSTRIAL
3107;BATA ANTIFLUIDO BLANCA CON CREMALLERA;UNIDAD;DOTACIONES;SEGURIDAD INDUSTRIAL
3297;BLOQUEADOR SOLAR SPF50 SACHET X 10 ML;UNIDAD;SEGURIDAD INDUSTRIAL;SEGURIDAD INDUSTRIAL
3399;BOMBILLO AHORRADOR 9 W;UNIDAD;FERRETERIA;SEGURIDAD INDUSTRIAL
2210;BOMBILLO LUZ LED ;UNIDAD;FERRETERIA;SEGURIDAD INDUSTRIAL
2801;BOTA CAUCHO AMARILLA PUNTA DE SEGURIDAD;PAR;SEGURIDAD INDUSTRIAL;SEGURIDAD INDUSTRIAL
2438;BOTA CAUCHO BLANCA ALTA C/P 37-39;PAR;SEGURIDAD INDUSTRIAL;SEGURIDAD INDUSTRIAL
1803;BOTA CAUCHO BLANCA ALTA C/P 40-43;PAR;SEGURIDAD INDUSTRIAL;SEGURIDAD INDUSTRIAL
1843;BOTA CAUCHO BLANCA ALTA S/P 37-39;PAR;SEGURIDAD INDUSTRIAL;SEGURIDAD INDUSTRIAL
2458;BOTA CAUCHO BLANCA ALTA S/P 37-39;PAR;SEGURIDAD INDUSTRIAL;SEGURIDAD INDUSTRIAL
2594;BOTA CAUCHO BLANCA BAJA S/P;PAR;SEGURIDAD INDUSTRIAL;SEGURIDAD INDUSTRIAL
2766;BOTA CAUCHO BLANCA C/P TER FOOD 38-43 SAFETY;PAR;SEGURIDAD INDUSTRIAL;SEGURIDAD INDUSTRIAL
2765;BOTA CAUCHO BLANCA S/P TER FOOD 37-42 SAFETY;PAR;SEGURIDAD INDUSTRIAL;SEGURIDAD INDUSTRIAL
1980;BOTA CAUCHO NEGRA ALTA C/P 37-39;PAR;SEGURIDAD INDUSTRIAL;SEGURIDAD INDUSTRIAL
2038;BOTA CAUCHO NEGRA ALTA C/P 40-44;PAR;SEGURIDAD INDUSTRIAL;SEGURIDAD INDUSTRIAL
1709;BOTA CAUCHO NEGRA ALTA S/P;PAR;SEGURIDAD INDUSTRIAL;SEGURIDAD INDUSTRIAL
1912;BOTA CUERO CON PUNTERA 37-39;PAR;SEGURIDAD INDUSTRIAL;SEGURIDAD INDUSTRIAL
3835;BOTA CUERO CON PUNTERA 40-43;PAR;SEGURIDAD INDUSTRIAL;SEGURIDAD INDUSTRIAL
2435;BOTA CUERO CON PUNTERA PARA SOLDADOR;PAR;SEGURIDAD INDUSTRIAL;SEGURIDAD INDUSTRIAL
2442;BOTA CUERO NEGRA DIELECTRICA C/PUNTERA REF 566 ALPACA;PAR;SEGURIDAD INDUSTRIAL;SEGURIDAD INDUSTRIAL
1795;BOTA CUERO NEGRA S/P TODAS;PAR;SEGURIDAD INDUSTRIAL;SEGURIDAD INDUSTRIAL
3562;BOTIQUIN EN LONA TIPO MORRAL;UNIDAD;SEGURIDAD INDUSTRIAL;SEGURIDAD INDUSTRIAL
2526;BOTIQUIN MALETIN PORTATIL COMPLETO TIPO A;UNIDAD;SEGURIDAD INDUSTRIAL;SEGURIDAD INDUSTRIAL
2731;BOTIQUIN METALICO PORTATIL 42 X 22 X 14 COMPLETO;UNIDAD;SEGURIDAD INDUSTRIAL;SEGURIDAD INDUSTRIAL
1126;BOTIQUIN METALICO REF 125;UNIDAD;SEGURIDAD INDUSTRIAL;SEGURIDAD INDUSTRIAL
3176;"BROCHA 1 1/2"" POLIESTER PROFESIONAL";UNIDAD;FERRETERIA;SEGURIDAD INDUSTRIAL
3758;CABO DE MADERA PARA PALA;UNIDAD;FERRETERIA;SEGURIDAD INDUSTRIAL
2625;CAMILLA DE RESCATE PLASTICA COMPLETA;UNIDAD;SEGURIDAD INDUSTRIAL;SEGURIDAD INDUSTRIAL
2491;CAMILLA EN POLIETILENO CON ARNES Y SEÑALIZACION;UNIDAD;SEGURIDAD INDUSTRIAL;SEGURIDAD INDUSTRIAL
2503;CAMISA EN DRIL AZUL M/L;UNIDAD;DOTACIONES;SEGURIDAD INDUSTRIAL
2023;CAMISETA TIPO POLO M/C TODAS;UNIDAD;DOTACIONES;SEGURIDAD INDUSTRIAL
2130;CAMPO ESTERIL STERI DRAPE 50 X 45 CM 3M;UNIDAD;DOTACIONES;SEGURIDAD INDUSTRIAL
2154;CANDADO YALE 110/30;UNIDAD;SEGURIDAD INDUSTRIAL;SEGURIDAD INDUSTRIAL
2157;CANDADO YALE 110/70;UNIDAD;SEGURIDAD INDUSTRIAL;SEGURIDAD INDUSTRIAL
2153;CANDADO YALE 770 ;UNIDAD;SEGURIDAD INDUSTRIAL;SEGURIDAD INDUSTRIAL
3582;CAPA IMPERMEABLE PVC AMARILLA;UNIDAD;SEGURIDAD INDUSTRIAL;SEGURIDAD INDUSTRIAL
3850;CAPUCHA CON ESCAFANDRA EN ALGODON;UNIDAD;SEGURIDAD INDUSTRIAL;SEGURIDAD INDUSTRIAL
3342;CAPUCHA EN DRIL PARA SOLDAR;UNIDAD;SEGURIDAD INDUSTRIAL;SEGURIDAD INDUSTRIAL
2615;CARETA ESMERILAR STEELPRO C/RACHET 60452;UNIDAD;SEGURIDAD INDUSTRIAL;SEGURIDAD INDUSTRIAL
3376;CARETA ESMERILAR VISOR ACRILICO CON RACHET;UNIDAD;SEGURIDAD INDUSTRIAL;SEGURIDAD INDUSTRIAL
3270;CARETA ESMERILAR WORKSEG C/RACHET F20;UNIDAD;SEGURIDAD INDUSTRIAL;SEGURIDAD INDUSTRIAL
1794;CARETA PARA ESMERILAR 9014-2;UNIDAD;SEGURIDAD INDUSTRIAL;SEGURIDAD INDUSTRIAL
2544;CARETA PROTECTORA ORAL VISOR;UNIDAD;SEGURIDAD INDUSTRIAL;SEGURIDAD INDUSTRIAL
3673;CARETA SOLDADOR APOLLO STEELPRO;UNIDAD;SEGURIDAD INDUSTRIAL;SEGURIDAD INDUSTRIAL
3046;CARETA SOLDADOR FOTOSENSIBLE AUTOMATICA;UNIDAD;SEGURIDAD INDUSTRIAL;SEGURIDAD INDUSTRIAL
2835;CARETA SUPERFOTOSENSIBLE STEELPRO;UNIDAD;SEGURIDAD INDUSTRIAL;SEGURIDAD INDUSTRIAL
3636;CARTUCHO MHE1P P100 MASPROT;UNIDAD;SEGURIDAD INDUSTRIAL;SEGURIDAD INDUSTRIAL
3689;CARTUCHO PARA PARTICULAS Y AEROSOLES REF M400 MASPROT;UNIDAD;SEGURIDAD INDUSTRIAL;SEGURIDAD INDUSTRIAL
1954;CARTUCHO PARA VAPORES ORGANICOS REF 6001 3M;UNIDAD;SEGURIDAD INDUSTRIAL;SEGURIDAD INDUSTRIAL
1489;CARTUCHO PARA VAPORES ORGANICOS REF 6003 3M;UNIDAD;SEGURIDAD INDUSTRIAL;SEGURIDAD INDUSTRIAL
3747;CARTUCHO PARA VAPORES REF M500 MASPROT;UNIDAD;SEGURIDAD INDUSTRIAL;SEGURIDAD INDUSTRIAL
1647;CASCO DE SEGURIDAD AMARILLO;UNIDAD;SEGURIDAD INDUSTRIAL;SEGURIDAD INDUSTRIAL
3409;CASCO DE SEGURIDAD AZUL C/RACHET;UNIDAD;SEGURIDAD INDUSTRIAL;SEGURIDAD INDUSTRIAL
2490;CASCO DE SEGURIDAD BLANCO C/RACHET;UNIDAD;SEGURIDAD INDUSTRIAL;SEGURIDAD INDUSTRIAL
2152;CASCO DE SEGURIDAD NARANJA C/RACHET;UNIDAD;SEGURIDAD INDUSTRIAL;SEGURIDAD INDUSTRIAL
2715;CASCO DE SEGURIDAD VERDE C/RACHET;UNIDAD;SEGURIDAD INDUSTRIAL;SEGURIDAD INDUSTRIAL
2075;CHALECO NARANJA CITYLUX STEELPRO;UNIDAD;DOTACIONES;SEGURIDAD INDUSTRIAL
3291;CHAQUETA M/L EN VAQUETA T/L;UNIDAD;SEGURIDAD INDUSTRIAL;SEGURIDAD INDUSTRIAL
3417;CINTA ANTIDESLIZANTE 25 MM X 15 MT NEGRA;ROLLO;SEGURIDAD INDUSTRIAL;SEGURIDAD INDUSTRIAL
3533;CINTA ANTIDESLIZANTE 48 MM X 50 MT NEGRA;ROLLO;SEGURIDAD INDUSTRIAL;SEGURIDAD INDUSTRIAL
3628;CINTA DE SEÑALIZACION IMPRESA 10 CM X 500 MT;ROLLO;SEGURIDAD INDUSTRIAL;SEGURIDAD INDUSTRIAL
1359;CINTA DE SEÑALIZACION IMPRESA10 CM X 100 MT;ROLLO;SEGURIDAD INDUSTRIAL;SEGURIDAD INDUSTRIAL
2181;CINTURON PORTA HERRAMIENTA CON BOLSILLOS ZUBIOLA;UNIDAD;SEGURIDAD INDUSTRIAL;SEGURIDAD INDUSTRIAL
1609;CINTURON PROTECTOR LUMBAR REF: TC 629 M;UNIDAD;DOTACIONES;SEGURIDAD INDUSTRIAL
1636;CONJUNTO IMPERMEABLE PARA MOTO 4 PIEZAS;UNIDAD;DOTACIONES;SEGURIDAD INDUSTRIAL
3512;CORDON UNIVERSAL PARA GAFAS;UNIDAD;SEGURIDAD INDUSTRIAL;SEGURIDAD INDUSTRIAL
3659;CORREA PLASTICA PARA AMARRE DE 30 CM PAQ X 100 UN;PAQUETE;FERRETERIA;SEGURIDAD INDUSTRIAL
2228;DELANTAL DE CARNAZA;UNIDAD;SEGURIDAD INDUSTRIAL;SEGURIDAD INDUSTRIAL
3410;DELANTAL EN VAQUETA;UNIDAD;SEGURIDAD INDUSTRIAL;SEGURIDAD INDUSTRIAL
1802;DELANTAL INDUSTRIAL PVC AMARILLO CAL 18;UNIDAD;DOTACIONES;SEGURIDAD INDUSTRIAL
3803;DELANTAL INDUSTRIAL PVC AMARILLO CAL 25;UNIDAD;DOTACIONES;SEGURIDAD INDUSTRIAL
3323;DELANTAL INDUSTRIAL PVC BLANCO;UNIDAD;DOTACIONES;SEGURIDAD INDUSTRIAL
2206;DELANTAL PLASTICO BLANCO;UNIDAD;SEGURIDAD INDUSTRIAL;SEGURIDAD INDUSTRIAL
2158;DESCENDEDOR CON AUTOFRENO IDL;UNIDAD;SEGURIDAD INDUSTRIAL;SEGURIDAD INDUSTRIAL
3162;DISOLVENTE X 1.000 ML;BOTELLA;FERRETERIA;SEGURIDAD INDUSTRIAL
3568;DISPENSADOR DE PEDAL PARA ANTIBACTERIAL/JABON;UNIDAD;SEGURIDAD INDUSTRIAL;SEGURIDAD INDUSTRIAL
3392;ENCENDEDOR DESECHABLE;UNIDAD;FERRETERIA;SEGURIDAD INDUSTRIAL
2928;ESCALERA PLASTICA 2 PASOS RIMAX;UNIDAD;SEGURIDAD INDUSTRIAL;SEGURIDAD INDUSTRIAL
2447;ESLINGA DE POSICIONAMIENTO SENCILLA REGULABLE LINK TECH;UNIDAD;SEGURIDAD INDUSTRIAL;SEGURIDAD INDUSTRIAL
2444;ESLINGA DE POSICIONAMIENTO STEELPRO VB04.LA.085;UNIDAD;SEGURIDAD INDUSTRIAL;SEGURIDAD INDUSTRIAL
2187;ESLINGA EN Y GRADUABLE REF 9017161G ARSEG;UNIDAD;SEGURIDAD INDUSTRIAL;SEGURIDAD INDUSTRIAL
3432;ESLINGA EN Y SIN ABSORBEDOR REGULABLE LICK TECH;UNIDAD;SEGURIDAD INDUSTRIAL;SEGURIDAD INDUSTRIAL
1719;ESLINGA NYLON 1.80 MT MOSQ;UNIDAD;SEGURIDAD INDUSTRIAL;SEGURIDAD INDUSTRIAL
2816;"ESPATULA METALICA 2""";UNIDAD;FERRETERIA;SEGURIDAD INDUSTRIAL
1895;FILTRO PARA MATERIAL PARTICULADO REF 2091 3M;UNIDAD;SEGURIDAD INDUSTRIAL;SEGURIDAD INDUSTRIAL
1450;FILTRO PARA MATERIAL PARTICULADO REF 2097 3M;UNIDAD;SEGURIDAD INDUSTRIAL;SEGURIDAD INDUSTRIAL
3735;FILTRO PARA MATERIAL PARTICULADO REF P100 3M;UNIDAD;SEGURIDAD INDUSTRIAL;SEGURIDAD INDUSTRIAL
2259;GORRA EN DRIL CON SOLAPA;UNIDAD;SEGURIDAD INDUSTRIAL;SEGURIDAD INDUSTRIAL
2110;GORRA EN DRIL SEIS CASCOS CON SOLAPA;UNIDAD;DOTACIONES;SEGURIDAD INDUSTRIAL
2591;GORRA EN DRIL SIN LOGO;UNIDAD;DOTACIONES;SEGURIDAD INDUSTRIAL
1484;GORRO EN DRIL TIPO MONJA;UNIDAD;DOTACIONES;SEGURIDAD INDUSTRIAL
2381;GORRO EN TELA MANEJO ALIMENTOS;UNIDAD;SEGURIDAD INDUSTRIAL;SEGURIDAD INDUSTRIAL
1269;GORRO INDUSTRIAL REDECILLA;UNIDAD;DOTACIONES;SEGURIDAD INDUSTRIAL
3678;GORRO PASAMONTAÑAS EN FRANELA;UNIDAD;DOTACIONES;SEGURIDAD INDUSTRIAL
1112;GORRO TIPO SAFARI CON SOLAPA;UNIDAD;DOTACIONES;SEGURIDAD INDUSTRIAL
2616;GUANTE ACRILICO LATEX T/10 SOSEGA 33L6501;PAR;GUANTES;SEGURIDAD INDUSTRIAL
2697;GUANTE ACRILICO LATEX T/8 SOSEGA 33L6501 ;PAR;GUANTES;SEGURIDAD INDUSTRIAL
3613;GUANTE ANTICORTE T/9 BOYUAN NIVEL 5;PAR;GUANTES;SEGURIDAD INDUSTRIAL
2262;GUANTE CARNAZA M/C REFORZADO;PAR;GUANTES;SEGURIDAD INDUSTRIAL
1701;GUANTE CARNAZA M/C SENCILLO;PAR;GUANTES;SEGURIDAD INDUSTRIAL
1702;GUANTE CARNAZA M/L REFORZADO;PAR;GUANTES;SEGURIDAD INDUSTRIAL
2171;GUANTE CARNAZA M/L SENCILLO;PAR;GUANTES;SEGURIDAD INDUSTRIAL
1913;GUANTE CAUCHO CAL 18 AMARILLO T/7 DURAMAX;PAR;GUANTES;SEGURIDAD INDUSTRIAL
1997;GUANTE CAUCHO CAL 18 AMARILLO T/7.5 DURAMAX;PAR;GUANTES;SEGURIDAD INDUSTRIAL
2141;GUANTE CAUCHO CAL 18 AMARILLO T/8 DURAMAX;PAR;GUANTES;SEGURIDAD INDUSTRIAL
2674;GUANTE CAUCHO CAL 18 AMARILLO T/8 ETERNA;PAR;GUANTES;SEGURIDAD INDUSTRIAL
1773;GUANTE CAUCHO CAL 18 AMARILLO T/8 LATEXPORT;PAR;GUANTES;SEGURIDAD INDUSTRIAL
2907;GUANTE CAUCHO CAL 18 AMARILLO T/9 DURAMAX;PAR;GUANTES;SEGURIDAD INDUSTRIAL
3460;GUANTE CAUCHO CAL 18 AMARILLO T/9 ETERNA;PAR;GUANTES;SEGURIDAD INDUSTRIAL
1854;GUANTE CAUCHO CAL 18 ROJO T/9-9 1/2 PROTEX;PAR;GUANTES;SEGURIDAD INDUSTRIAL
3338;GUANTE CAUCHO CAL 25 AMARILLO T/7-7 1/2 LATEXPORT ;PAR;GUANTES;SEGURIDAD INDUSTRIAL
2507;GUANTE CAUCHO CAL 25 AMARILLO T/8-8 1/2 LATEXPORT;PAR;GUANTES;SEGURIDAD INDUSTRIAL
3381;GUANTE CAUCHO CAL 25 AMARILLO T/9-9 1/2 LATEXPORT;PAR;GUANTES;SEGURIDAD INDUSTRIAL
1911;GUANTE CAUCHO CAL 25 NEGRO T/7-7 1/2 LATEXPORT;PAR;GUANTES;SEGURIDAD INDUSTRIAL
3446;GUANTE CAUCHO CAL 25 NEGRO T/8 GLOVALL;PAR;GUANTES;SEGURIDAD INDUSTRIAL
2142;GUANTE CAUCHO CAL 25 NEGRO T/8-8 1/2 LATEXPORT;PAR;GUANTES;SEGURIDAD INDUSTRIAL
2246;GUANTE CAUCHO CAL 25 NEGRO T/9 DURAMAX;PAR;GUANTES;SEGURIDAD INDUSTRIAL
3447;GUANTE CAUCHO CAL 25 NEGRO T/9 GLOVALL;PAR;GUANTES;SEGURIDAD INDUSTRIAL
1546;GUANTE CAUCHO CAL 25 NEGRO T/9 PROTEX;PAR;GUANTES;SEGURIDAD INDUSTRIAL
3588;GUANTE CAUCHO CAL 25 NEGRO T/9-9 1/2 LATEXPORT;PAR;GUANTES;SEGURIDAD INDUSTRIAL
2781;GUANTE CAUCHO CAL 25 ROJO T/10 LATEXPORT;PAR;GUANTES;SEGURIDAD INDUSTRIAL
3780;GUANTE CAUCHO CAL 25 ROJO T/7-7 1/2 LATEXPORT;PAR;GUANTES;SEGURIDAD INDUSTRIAL
2780;GUANTE CAUCHO CAL 25 ROJO T/8-8 1/2 LATEXPORT;PAR;GUANTES;SEGURIDAD INDUSTRIAL
3781;GUANTE CAUCHO CAL 25 ROJO T/9-9 1/2 LATEXPORT;PAR;GUANTES;SEGURIDAD INDUSTRIAL
2256;GUANTE CAUCHO CAL 35 NEGRO T/10 LATEXPORT;PAR;GUANTES;SEGURIDAD INDUSTRIAL
1129;GUANTE CAUCHO CAL 35 NEGRO T/10 PROTEX;PAR;GUANTES;SEGURIDAD INDUSTRIAL
2251;GUANTE CAUCHO CAL 35 NEGRO T/8 DURAMAX;PAR;GUANTES;SEGURIDAD INDUSTRIAL
1928;GUANTE CAUCHO CAL 35 NEGRO T/8 PROTEX;PAR;GUANTES;SEGURIDAD INDUSTRIAL
3707;GUANTE CAUCHO CAL 35 NEGRO T/8 XL PROTEX;PAR;GUANTES;SEGURIDAD INDUSTRIAL
2252;GUANTE CAUCHO CAL 35 NEGRO T/9 1/2 L DURAMAX;PAR;GUANTES;SEGURIDAD INDUSTRIAL
1774;GUANTE CAUCHO CAL 35 NEGRO T/9 1/2 L PROTEX;PAR;GUANTES;SEGURIDAD INDUSTRIAL
2253;GUANTE CAUCHO CAL 35 NEGRO T/9 LATEXPORT;PAR;GUANTES;SEGURIDAD INDUSTRIAL
1372;GUANTE CAUCHO CAL 35 NEGRO T/9 PROTEX;PAR;GUANTES;SEGURIDAD INDUSTRIAL
1527;GUANTE CAUCHO CAL 35 NEGRO T/9 XXL PROTEX;PAR;GUANTES;SEGURIDAD INDUSTRIAL
1547;GUANTE CAUCHO CAL 55 NEGRO T/9 PROTEX;PAR;GUANTES;SEGURIDAD INDUSTRIAL
2700;GUANTE CAUCHO CAL 65 NEGRO T/10 XL PROTEX;PAR;GUANTES;SEGURIDAD INDUSTRIAL
2148;GUANTE CAUCHO CAL 65 NEGRO T/9 XL PROTEX;PAR;GUANTES;SEGURIDAD INDUSTRIAL
2908;GUANTE CAUCHO NEGRO T/9;PAR;GUANTES;SEGURIDAD INDUSTRIAL
1524;GUANTE CORTO CUERO REFORZADO TIPO INGENIERO;PAR;GUANTES;SEGURIDAD INDUSTRIAL
1750;GUANTE CORTO CUERO SENCILLO TIPO INGENIERO;PAR;GUANTES;SEGURIDAD INDUSTRIAL
3290;GUANTE CUT5 ANTICORTE T/9 STEELPRO;PAR;GUANTES;SEGURIDAD INDUSTRIAL
1271;GUANTE DE ALGODON;PAR;GUANTES;SEGURIDAD INDUSTRIAL
2235;GUANTE DE HILAZA CORTO;PAR;GUANTES;SEGURIDAD INDUSTRIAL
3834;GUANTE DE HILAZA LATEX CORRUGADO COLD FLEX;PAR;GUANTES;SEGURIDAD INDUSTRIAL
2175;GUANTE DE HILAZA PUNTOS PVC 2 CARA;PAR;GUANTES;SEGURIDAD INDUSTRIAL
1770;GUANTE DE HILAZA RECUBIERTO EN LATEX AMARILLO;PAR;GUANTES;SEGURIDAD INDUSTRIAL
2696;GUANTE DE HILAZA RECUBIERTO LATEX 33L1106 SOSEGA;PAR;GUANTES;SEGURIDAD INDUSTRIAL
3194;"GUANTE DE NITRILO 13"" T/9 SHOWA";PAR;GUANTES;SEGURIDAD INDUSTRIAL
3402;"GUANTE DE NITRILO 18"" T/9 PROTEXION";PAR;GUANTES;SEGURIDAD INDUSTRIAL
3253;GUANTE DE NITRILO LARGO T/10 SHOWA;PAR;GUANTES;SEGURIDAD INDUSTRIAL
2873;GUANTE DE NITRILO LARGO T/9 SHOWA;PAR;GUANTES;SEGURIDAD INDUSTRIAL
3009;"GUANTE DE NITRILO T/10 13"" VERDE SOSEGA";PAR;GUANTES;SEGURIDAD INDUSTRIAL
3590;"GUANTE DE NITRILO T/10 18"" BOYUAN";PAR;GUANTES;SEGURIDAD INDUSTRIAL
2018;"GUANTE DE NITRILO T/10 18"" G80 JACKSON";PAR;GUANTES;SEGURIDAD INDUSTRIAL
3346;"GUANTE DE NITRILO T/10 18"" VERDE SOSEGA";PAR;GUANTES;SEGURIDAD INDUSTRIAL
3463;"GUANTE DE NITRILO T/7 13"" VERDE SOSEGA";PAR;GUANTES;SEGURIDAD INDUSTRIAL
3010;"GUANTE DE NITRILO T/8 13"" G80 JACKSON";PAR;GUANTES;SEGURIDAD INDUSTRIAL
3651;"GUANTE DE NITRILO T/8 13"" VERDE ZEUX";PAR;GUANTES;SEGURIDAD INDUSTRIAL
2698;"GUANTE DE NITRILO T/8 18"" G80 JACKSON";PAR;GUANTES;SEGURIDAD INDUSTRIAL
3724;"GUANTE DE NITRILO T/8 18"" VERDE SOSEGA";PAR;GUANTES;SEGURIDAD INDUSTRIAL
3725;"GUANTE DE NITRILO T/8 18"" VERDE SOSEGA";PAR;GUANTES;SEGURIDAD INDUSTRIAL
1452;GUANTE DE NITRILO T/8 VERDE ZUBIOLA;PAR;GUANTES;SEGURIDAD INDUSTRIAL
1656;"GUANTE DE NITRILO T/9 13"" PROTEXION N1513";PAR;GUANTES;SEGURIDAD INDUSTRIAL
3344;"GUANTE DE NITRILO T/9 13"" VERDE SOSEGA";PAR;GUANTES;SEGURIDAD INDUSTRIAL
3589;"GUANTE DE NITRILO T/9 18"" BOYUAN";PAR;GUANTES;SEGURIDAD INDUSTRIAL
1591;"GUANTE DE NITRILO T/9 18"" G80 JACKSON";PAR;GUANTES;SEGURIDAD INDUSTRIAL
3345;"GUANTE DE NITRILO T/9 18"" VERDE SOSEGA";PAR;GUANTES;SEGURIDAD INDUSTRIAL
2260;GUANTE DE NITRILO T/9 VERDE ZUBIOLA;PAR;GUANTES;SEGURIDAD INDUSTRIAL
3608;GUANTE DE NITRILO T/L AZUL KENNEDY CJ X 100 UN;CAJA;GUANTES;SEGURIDAD INDUSTRIAL
2101;GUANTE DE NITRILO T/L AZUL LATEXPORT CJ X 100 UN;CAJA;GUANTES;SEGURIDAD INDUSTRIAL
2102;GUANTE DE NITRILO T/L AZUL MV CJ X 100 UN;CAJA;GUANTES;SEGURIDAD INDUSTRIAL
3279;GUANTE DE NITRILO T/L AZUL NIPRO CJ X 100 UN;CAJA;GUANTES;SEGURIDAD INDUSTRIAL
2124;GUANTE DE NITRILO T/L AZUL PROTEXION CJ X 100 UN;CAJA;GUANTES;SEGURIDAD INDUSTRIAL
2286;GUANTE DE NITRILO T/L AZUL SEMPERCARE CJ X 100 UN;CAJA;GUANTES;SEGURIDAD INDUSTRIAL
2225;GUANTE DE NITRILO T/L AZUL TOUCH CJ X 100 UN;CAJA;GUANTES;SEGURIDAD INDUSTRIAL
2675;GUANTE DE NITRILO T/L AZUL VITAL MEDIC CJ X 100 UN;CAJA;GUANTES;SEGURIDAD INDUSTRIAL
1523;GUANTE DE NITRILO T/L NEGRO CLAY CJ X 100 UN;CAJA;GUANTES;SEGURIDAD INDUSTRIAL
3335;GUANTE DE NITRILO T/L NEGRO PROTEXION CJ X 100 UN;CAJA;GUANTES;SEGURIDAD INDUSTRIAL
3609;GUANTE DE NITRILO T/M AZUL KENNEDY CJ X 100 UN;CAJA;GUANTES;SEGURIDAD INDUSTRIAL
2100;GUANTE DE NITRILO T/M AZUL LATEXPORT CJ X 100 UN;CAJA;GUANTES;SEGURIDAD INDUSTRIAL
1522;GUANTE DE NITRILO T/M AZUL MV CJ X 100 UN;CAJA;GUANTES;SEGURIDAD INDUSTRIAL
2387;GUANTE DE NITRILO T/M AZUL NIPRO CJ X 100 UN;CAJA;GUANTES;SEGURIDAD INDUSTRIAL
1294;GUANTE DE NITRILO T/M AZUL PROTEXION CJ X 100 UN;CAJA;GUANTES;SEGURIDAD INDUSTRIAL
3606;GUANTE DE NITRILO T/M AZUL SEMPERCARE CJ X 100 UN;CAJA;GUANTES;SEGURIDAD INDUSTRIAL
3278;GUANTE DE NITRILO T/M AZUL TOUCH CJ X 100 UN;CAJA;GUANTES;SEGURIDAD INDUSTRIAL
3334;GUANTE DE NITRILO T/M NEGRO CLAY CJ X 100 UN;CAJA;GUANTES;SEGURIDAD INDUSTRIAL
3223;GUANTE DE NITRILO T/M NEGRO VITAL MEDIC CJ X 100 UN;CAJA;GUANTES;SEGURIDAD INDUSTRIAL
3610;GUANTE DE NITRILO T/S AZUL KENNEDY CJ X 100 UN;CAJA;GUANTES;SEGURIDAD INDUSTRIAL
3682;GUANTE DE NITRILO T/S AZUL LATEXPORT CJ X 100 UN;CAJA;GUANTES;SEGURIDAD INDUSTRIAL
2217;GUANTE DE NITRILO T/S AZUL MV CJ X 100 UN;CAJA;GUANTES;SEGURIDAD INDUSTRIAL
1521;GUANTE DE NITRILO T/S AZUL NIPRO CJ X 100 UN;CAJA;GUANTES;SEGURIDAD INDUSTRIAL
1586;GUANTE DE NITRILO T/S AZUL PROTEXION CJ X 100 UN;CAJA;GUANTES;SEGURIDAD INDUSTRIAL
2392;GUANTE DE NITRILO T/S AZUL SEMPERCARE CJ X 100 UN;CAJA;GUANTES;SEGURIDAD INDUSTRIAL
3806;GUANTE DE NITRILO T/S NEGRO CLAY CJ X 100 UN;UNIDAD;GUANTES;SEGURIDAD INDUSTRIAL
3333;GUANTE DE NITRILO T/S NEGRO PROTEXION CJ X 100 UN;CAJA;GUANTES;SEGURIDAD INDUSTRIAL
1296;GUANTE DE NITRILO T/XL AZUL NIPRO CJ X 100 UN;CAJA;GUANTES;SEGURIDAD INDUSTRIAL
1118;GUANTE DE VINILO TRANSPARENTE T/L BIOFIT CJ X 100 UN;CAJA;GUANTES;SEGURIDAD INDUSTRIAL
3564;GUANTE DE VINILO TRANSPARENTE T/L PRECISION CJ X 100 UN;CAJA;GUANTES;SEGURIDAD INDUSTRIAL
1289;GUANTE DE VINILO TRANSPARENTE T/L PROTEXION CJ X 100 UN;CAJA;GUANTES;SEGURIDAD INDUSTRIAL
1884;GUANTE DE VINILO TRANSPARENTE T/L SEMPERCARE CJ X 100 UN;CAJA;GUANTES;SEGURIDAD INDUSTRIAL
1593;GUANTE DE VINILO TRANSPARENTE T/L VITAL MEDIC CJ X 100 UN;CAJA;GUANTES;SEGURIDAD INDUSTRIAL
3565;GUANTE DE VINILO TRANSPARENTE T/M PRECISION CJ X 100 UN;CAJA;GUANTES;SEGURIDAD INDUSTRIAL
1919;GUANTE DE VINILO TRANSPARENTE T/M PROTEXION CJ X 100 UN;CAJA;GUANTES;SEGURIDAD INDUSTRIAL
1592;GUANTE DE VINILO TRANSPARENTE T/M SEMPERCARE CJ X 100 UN;CAJA;GUANTES;SEGURIDAD INDUSTRIAL
3784;GUANTE DE VINILO TRANSPARENTE T/M VITAL MEDIC CAJA X 100 UN;CAJA;GUANTES;SEGURIDAD INDUSTRIAL
2144;GUANTE DE VITRILO T/L AZUL VITAL MEDIC CJ X 100 UN;CAJA;GUANTES;SEGURIDAD INDUSTRIAL
1897;GUANTE DE VITRILO T/M AZUL VITAL MEDIC CJ X 100 UN;CAJA;GUANTES;SEGURIDAD INDUSTRIAL
3111;GUANTE DESECHABLE DE PALPAR CAJA X 100 UN;CAJA;GUANTES;SEGURIDAD INDUSTRIAL
3084;GUANTE DESECHABLE DE PALPAR PAQ X 50 UN;PAQUETE;GUANTES;SEGURIDAD INDUSTRIAL
1114;GUANTE DESECHABLE T/L CAJA X 100 EXAMTEX;CAJA;GUANTES;SEGURIDAD INDUSTRIAL
1115;GUANTE DESECHABLE T/L CAJA X 100 HIGH MAX;CAJA;GUANTES;SEGURIDAD INDUSTRIAL
2180;GUANTE DESECHABLE T/L CAJA X 100 PRECISION;CAJA;GUANTES;SEGURIDAD INDUSTRIAL
1299;GUANTE DESECHABLE T/L CAJA X 100 SEMPERMED;CAJA;GUANTES;SEGURIDAD INDUSTRIAL
1116;GUANTE DESECHABLE T/M CAJA X 100 EXAMTEX;CAJA;GUANTES;SEGURIDAD INDUSTRIAL
1295;GUANTE DESECHABLE T/M CAJA X 100 NIPRO;CAJA;GUANTES;SEGURIDAD INDUSTRIAL
2123;GUANTE DESECHABLE T/M CAJA X 100 SEMPERMED;CAJA;GUANTES;SEGURIDAD INDUSTRIAL
2179;GUANTE DESECHABLE T/M CAJA X 100 VITAL MEDIC;CAJA;GUANTES;SEGURIDAD INDUSTRIAL
1297;GUANTE DESECHABLE T/S CAJA X 100 CLAY;CAJA;GUANTES;SEGURIDAD INDUSTRIAL
1119;GUANTE DESECHABLE T/S CAJA X 100 EXAMTEX;CAJA;GUANTES;SEGURIDAD INDUSTRIAL
1113;GUANTE DESECHABLE T/S CAJA X 100 NIPRO;CAJA;GUANTES;SEGURIDAD INDUSTRIAL
2178;GUANTE DESECHABLE T/S CAJA X 100 VITAL MEDIC;CAJA;GUANTES;SEGURIDAD INDUSTRIAL
1298;GUANTE DESECHABLE T/XS CAJA X 100 EXAMTEX;CAJA;GUANTES;SEGURIDAD INDUSTRIAL
1117;GUANTE DESECHABLE T/XS CAJA X 100 NIPRO;CAJA;GUANTES;SEGURIDAD INDUSTRIAL
2177;GUANTE DESECHABLE T/XS CAJA X 100 VITAL MEDIC;CAJA;GUANTES;SEGURIDAD INDUSTRIAL
2227;GUANTE EN DRIL REFORZADO EN CUERO;PAR;GUANTES;SEGURIDAD INDUSTRIAL
3615;GUANTE ESTERIL N° 8.0 NEWMEK CON POLVO;PAR;GUANTES;SEGURIDAD INDUSTRIAL
1121;GUANTE ESTERIL Nº 6.5 MEDISPO;PAR;GUANTES;SEGURIDAD INDUSTRIAL
1127;GUANTE ESTERIL Nº 6.5 SUPREME;UNIDAD;GUANTES;SEGURIDAD INDUSTRIAL
1122;GUANTE ESTERIL Nº 7.0 MEDISPO;PAR;GUANTES;SEGURIDAD INDUSTRIAL
1120;GUANTE ESTERIL Nº 7.0 NIPRO;UNIDAD;GUANTES;SEGURIDAD INDUSTRIAL
1125;GUANTE ESTERIL Nº 7.5 ALFASAFE CAJA X 50 PARES;CAJA;GUANTES;SEGURIDAD INDUSTRIAL
1381;GUANTE ESTERIL Nº 7.5 MEDISPO;PAR;GUANTES;SEGURIDAD INDUSTRIAL
1124;GUANTE ESTERIL Nº 7.5 NEWMEK CON POLVO;PAR;GUANTES;SEGURIDAD INDUSTRIAL
1389;GUANTE ESTERIL Nº 8.0 MEDISPO;PAR;GUANTES;SEGURIDAD INDUSTRIAL
1775;GUANTE G40 POLIURETANO T/8 KIMBERLY;PAR;GUANTES;SEGURIDAD INDUSTRIAL
2161;GUANTE G40 POLIURETANO T/9 KIMBERLY;PAR;GUANTES;SEGURIDAD INDUSTRIAL
1130;GUANTE HYCRON ANSELL EDMON REF: 27-602;PAR;GUANTES;SEGURIDAD INDUSTRIAL
1914;GUANTE HYCRON ANSELL EDMON REF: 27-805;PAR;GUANTES;SEGURIDAD INDUSTRIAL
1453;GUANTE HYFLEX POLIURETANO ANSELL REF: 11627;PAR;GUANTES;SEGURIDAD INDUSTRIAL
1751;GUANTE LARGO CUERO REFORZADO TIPO INGENIERO;PAR;GUANTES;SEGURIDAD INDUSTRIAL
1851;GUANTE LARGO CUERO SENCILLO TIPO INGENIERO;PAR;GUANTES;SEGURIDAD INDUSTRIAL
2112;GUANTE M30 NYLON Y POLIURETANO T/8 WORKSEG;PAR;GUANTES;SEGURIDAD INDUSTRIAL
1128;GUANTE M30 NYLON Y POLIURETANO T/9 WORKSEG;PAR;GUANTES;SEGURIDAD INDUSTRIAL
2699;GUANTE M35 NYLON NITRILO ESPUMADO T/8 WORKSEG;PAR;GUANTES;SEGURIDAD INDUSTRIAL
2430;GUANTE M35 NYLON Y NITRILO ESPUMADO T/9 WORKSEG;PAR;GUANTES;SEGURIDAD INDUSTRIAL
3251;GUANTE M37 ANTICORTE T/10 WORKSEG;PAR;GUANTES;SEGURIDAD INDUSTRIAL
3250;GUANTE M37 ANTICORTE T/7 WORKSEG;PAR;GUANTES;SEGURIDAD INDUSTRIAL
3488;GUANTE M37 ANTICORTE T/8 WORKSEG;PAR;GUANTES;SEGURIDAD INDUSTRIAL
1979;GUANTE M37 ANTICORTE T/9 WORKSEG;PAR;GUANTES;SEGURIDAD INDUSTRIAL
2710;"GUANTE M90 NEGRO SOLDADOR 14"" WORKSEG";PAR;GUANTES;SEGURIDAD INDUSTRIAL
3833;GUANTE NYLON Y POLIURETANO T/9 PU-FLEX TITANIUM;PAR;GUANTES;SEGURIDAD INDUSTRIAL
1319;GUANTE P.V.C. PUÑO ELASTICO  PARA CUARTOS FRIOS ZUBIOLA;PAR;GUANTES;SEGURIDAD INDUSTRIAL
3076;GUANTE PARA ALTA TEMPERATURA SOSEGA REF A-3006G;PAR;GUANTES;SEGURIDAD INDUSTRIAL
1694;GUANTE PLASTICO TRANSPARENTE PQ X 100 UN;PAQUETE;GUANTES;SEGURIDAD INDUSTRIAL
3464;GUANTE POLITEC NEGRO Y2100 SOSEGA;PAR;GUANTES;SEGURIDAD INDUSTRIAL
2891;GUANTE SOLDADOR CARNAZA NARANJA;PAR;SEGURIDAD INDUSTRIAL;SEGURIDAD INDUSTRIAL
3418;"GUANTE SOLVEX EN NITRILO ANSELL 37185 18"" T/10";PAR;GUANTES;SEGURIDAD INDUSTRIAL
3262;"GUANTE SOLVEX EN NITRILO ANSELL 37185 18"" T/9";PAR;GUANTES;SEGURIDAD INDUSTRIAL
2492;INMOVILIZADOR CARTONPLAST X 4 UN ;UNIDAD;SEGURIDAD INDUSTRIAL;SEGURIDAD INDUSTRIAL
2357;INMOVILIZADOR DE CABEZA EN ESPUMA PARA CAMILLA;UNIDAD;SEGURIDAD INDUSTRIAL;SEGURIDAD INDUSTRIAL
3424;INMOVILIZADOR DE CUELLO ;UNIDAD;SEGURIDAD INDUSTRIAL;SEGURIDAD INDUSTRIAL
1328;KIT PARA CONTROL DE DERRAMES 5 GALONES;PAQUETE;SEGURIDAD INDUSTRIAL;SEGURIDAD INDUSTRIAL
3411;LINEA DE VIDA 13 MM X 15 MT;UNIDAD;SEGURIDAD INDUSTRIAL;SEGURIDAD INDUSTRIAL
3038;LINTERNA DE MANO CON BATERIAS;UNIDAD;SEGURIDAD INDUSTRIAL;SEGURIDAD INDUSTRIAL
3149;LUBRICANTE CRC 5-56 X 400 CC;UNIDAD;FERRETERIA;SEGURIDAD INDUSTRIAL
2113;MANGA EN KEVLAR ANSELL 70118;UNIDAD;SEGURIDAD INDUSTRIAL;SEGURIDAD INDUSTRIAL
1837;MANGAS CON RESORTE PAR;PAR;DOTACIONES;SEGURIDAD INDUSTRIAL
3128;MANUAL DE PRIMEROS AUXILIOS;UNIDAD;SEGURIDAD INDUSTRIAL;SEGURIDAD INDUSTRIAL
2347;MARQUILLAS EN SCREEN Y BORDADAS TODAS;UNIDAD;DOTACIONES;SEGURIDAD INDUSTRIAL
2173;MASCARILLA 9010 3M;UNIDAD;SEGURIDAD INDUSTRIAL;SEGURIDAD INDUSTRIAL
1606;MASCARILLA ANTIPOLVO 11905301 ZUBIOLA;UNIDAD;SEGURIDAD INDUSTRIAL;SEGURIDAD INDUSTRIAL
2585;MASCARILLA CON VALVULA DE CARBON SOSEGA N-95;UNIDAD;SEGURIDAD INDUSTRIAL;SEGURIDAD INDUSTRIAL
2315;MASCARILLA CON VALVULA DE CARBON STEELPRO REF F720CV;UNIDAD;SEGURIDAD INDUSTRIAL;SEGURIDAD INDUSTRIAL
1576;MASCARILLA CON VALVULA JMM-N95;UNIDAD;SEGURIDAD INDUSTRIAL;SEGURIDAD INDUSTRIAL
2589;MASCARILLA N-95 MATERIAL PARTICULADO 8210V 3M;UNIDAD;SEGURIDAD INDUSTRIAL;SEGURIDAD INDUSTRIAL
2434;MASCARILLA N-95 NIOSH;UNIDAD;SEGURIDAD INDUSTRIAL;SEGURIDAD INDUSTRIAL
2308;MASCARILLA N-95 REF 1860 3M;UNIDAD;SEGURIDAD INDUSTRIAL;SEGURIDAD INDUSTRIAL
3714;MASCARILLA N-95 REF 8511 3M;UNIDAD;SEGURIDAD INDUSTRIAL;SEGURIDAD INDUSTRIAL
3298;MONOGAFA TRANSPARENTE ANTIEMPAÑANTE SOSEGA;UNIDAD;SEGURIDAD INDUSTRIAL;SEGURIDAD INDUSTRIAL
3505;MONOGAFAS PROTECTORAS 3M REF 334;UNIDAD;SEGURIDAD INDUSTRIAL;SEGURIDAD INDUSTRIAL
2087;MOSQUETON CIERRE AUTOMATICO N-252G YOKE;UNIDAD;SEGURIDAD INDUSTRIAL;SEGURIDAD INDUSTRIAL
3433;MOSQUETON DE 50 KN YOKE N-268G LINK TECH;UNIDAD;SEGURIDAD INDUSTRIAL;SEGURIDAD INDUSTRIAL
3260;NASA PLASTICA MEDIANA 28 CM X 30 CM S/CABO;UNIDAD;FERRETERIA;SEGURIDAD INDUSTRIAL
3577;OVEROL AMARILLO A70 T/L;UNIDAD;SEGURIDAD INDUSTRIAL;SEGURIDAD INDUSTRIAL
3578;OVEROL AMARILLO A70 T/M;UNIDAD;SEGURIDAD INDUSTRIAL;SEGURIDAD INDUSTRIAL
3640;OVEROL ANTIFLUIDO APOLO BLANCO T/L;UNIDAD;DOTACIONES;SEGURIDAD INDUSTRIAL
3637;OVEROL ANTIFLUIDO APOLO BLANCO T/M;UNIDAD;DOTACIONES;SEGURIDAD INDUSTRIAL
1833;OVEROL BLANCO A40 TALLA L KIM BERLY;UNIDAD;SEGURIDAD INDUSTRIAL;SEGURIDAD INDUSTRIAL
2107;OVEROL BLANCO A40 TALLA M KIMBERLY;UNIDAD;SEGURIDAD INDUSTRIAL;SEGURIDAD INDUSTRIAL
3271;OVEROL DESECHABLE TIPO TIVEK;UNIDAD;SEGURIDAD INDUSTRIAL;SEGURIDAD INDUSTRIAL
1749;OVEROL EN INDIGO TODAS LAS TALLAS;UNIDAD;DOTACIONES;SEGURIDAD INDUSTRIAL
3471;OVILLO SINTETICO X 375 MT REF 6000 COLORES VARIOS ;ROLLO;FERRETERIA;SEGURIDAD INDUSTRIAL
3534;PALA ANTICHISPA;UNIDAD;FERRETERIA;SEGURIDAD INDUSTRIAL
3757;PALA HERRAGRO CARBONERA;UNIDAD;FERRETERIA;SEGURIDAD INDUSTRIAL
3756;PALA HERRAGRO CUADRADA N° 4;UNIDAD;FERRETERIA;SEGURIDAD INDUSTRIAL
3755;PALA HERRAGRO REDONDA N° 4;UNIDAD;FERRETERIA;SEGURIDAD INDUSTRIAL
1855;PALA HIERRO FORJADO Nº 2;UNIDAD;FERRETERIA;SEGURIDAD INDUSTRIAL
3108;PANTALON ANTIFLUIDOS BLANCO CON CORDON;UNIDAD;DOTACIONES;SEGURIDAD INDUSTRIAL
1807;PANTALON EN JEAN AZUL;UNIDAD;DOTACIONES;SEGURIDAD INDUSTRIAL
3177;PAPEL LIJA AGUA N° 220;UNIDAD;FERRETERIA;SEGURIDAD INDUSTRIAL
2815;PAPEL LIJA AGUA Nº 240;UNIDAD;FERRETERIA;SEGURIDAD INDUSTRIAL
3304;PEGANTE SINTESOLDA 10 MINUTOS;UNIDAD;FERRETERIA;SEGURIDAD INDUSTRIAL
3133;PEGANTE SUPERBONDER X 5 GR;UNIDAD;FERRETERIA;SEGURIDAD INDUSTRIAL
3246;PIJAMA DE CIERRE ANTIFLUIDOS T/M;UNIDAD;DOTACIONES;SEGURIDAD INDUSTRIAL
3245;PIJAMA DE CIERRE ANTIFLUIDOS T/S;UNIDAD;DOTACIONES;SEGURIDAD INDUSTRIAL
3132;PILA AA RECARGABLE;UNIDAD;FERRETERIA;SEGURIDAD INDUSTRIAL
1485;PILA ALKALINA AA TODAS;UNIDAD;FERRETERIA;SEGURIDAD INDUSTRIAL
3711;PILA LITHIUM 3V CR 2032;UNIDAD;FERRETERIA;SEGURIDAD INDUSTRIAL
3178;PINTURA ACEITE PINTULUX X GALON;GALON;FERRETERIA;SEGURIDAD INDUSTRIAL
3336;PISTOLA PARA MANGUERA  TRUPPER;UNIDAD;FERRETERIA;SEGURIDAD INDUSTRIAL
3130;PITO O SILBATO GRANDE;UNIDAD;SEGURIDAD INDUSTRIAL;SEGURIDAD INDUSTRIAL
3136;POLICLORURO DE ALUMINIO X 20 KG;CANECA;FERRETERIA;SEGURIDAD INDUSTRIAL
1950;PREFILTRO PARA CARTUCHO REF 5N11 3M;UNIDAD;SEGURIDAD INDUSTRIAL;SEGURIDAD INDUSTRIAL
1910;PROTECTOR AUDITIVO 1100 3M;PAR;SEGURIDAD INDUSTRIAL;SEGURIDAD INDUSTRIAL
2564;PROTECTOR AUDITIVO EN SILICONA;PAR;SEGURIDAD INDUSTRIAL;SEGURIDAD INDUSTRIAL
3113;PROTECTOR AUDITIVO ESTUCHE 1201 3M;UNIDAD;SEGURIDAD INDUSTRIAL;SEGURIDAD INDUSTRIAL
2356;PROTECTOR AUDITIVO H10 ESPUMA DESECHABLE;PAR;SEGURIDAD INDUSTRIAL;SEGURIDAD INDUSTRIAL
2114;PROTECTOR AUDITIVO TIPO COPA ENSAMBLE STEELPRO;UNIDAD;SEGURIDAD INDUSTRIAL;SEGURIDAD INDUSTRIAL
1779;PROTECTOR AUDITIVO TIPO COPA REF 908010A ARSEG;UNIDAD;SEGURIDAD INDUSTRIAL;SEGURIDAD INDUSTRIAL
3332;PROTECTOR AUDITIVO TIPO COPA REF E-3001 ECO;UNIDAD;SEGURIDAD INDUSTRIAL;SEGURIDAD INDUSTRIAL
2207;PROTECTOR AUDITIVO TIPO COPA REF H10A  3M;UNIDAD;SEGURIDAD INDUSTRIAL;SEGURIDAD INDUSTRIAL
2169;PROTECTOR AUDITIVO TIPO COPA REF H9A NRR 25 DB 3M;UNIDAD;SEGURIDAD INDUSTRIAL;SEGURIDAD INDUSTRIAL
2420;PROTECTOR AUDITIVO TIPO COPA SOSEGA ENSAMBLE;UNIDAD;SEGURIDAD INDUSTRIAL;SEGURIDAD INDUSTRIAL
3311;PROTECTOR AUDITIVO TIPO COPA WORKSEG A40;UNIDAD;SEGURIDAD INDUSTRIAL;SEGURIDAD INDUSTRIAL
1336;PROTECTOR AUDITIVO TIPO LLAVERO 9-090;UNIDAD;SEGURIDAD INDUSTRIAL;SEGURIDAD INDUSTRIAL
3090;PROTECTOR VENT BOCA BOCA RCP LLAVERO;UNIDAD;SEGURIDAD INDUSTRIAL;SEGURIDAD INDUSTRIAL
3576;RECARGA EXTINTOR PQS ABC 10 LB;UNIDAD;SEGURIDAD INDUSTRIAL;SEGURIDAD INDUSTRIAL
3635;RESPIRADOR M 1.2 MASPROT;UNIDAD;SEGURIDAD INDUSTRIAL;SEGURIDAD INDUSTRIAL
3740;RESPIRADOR MEDIA CARA DOBLE FILTRO REF 6100 3M;UNIDAD;SEGURIDAD INDUSTRIAL;SEGURIDAD INDUSTRIAL
1932;RESPIRADOR MEDIA CARA DOBLE FILTRO REF 6200 3M;UNIDAD;SEGURIDAD INDUSTRIAL;SEGURIDAD INDUSTRIAL
3440;RESPIRADOR MEDIA CARA DOBLE FILTRO REF 6300 3M;UNIDAD;SEGURIDAD INDUSTRIAL;SEGURIDAD INDUSTRIAL
3688;RESPIRADOR MEDIA CARA DOBLE FILTRO REF M500 MASPROT;UNIDAD;SEGURIDAD INDUSTRIAL;SEGURIDAD INDUSTRIAL
1916;RESPIRADOR VAPORES ORGANICOS REF 2800 N95 MOLDEX;UNIDAD;SEGURIDAD INDUSTRIAL;SEGURIDAD INDUSTRIAL
1948;RETENEDOR PARA CARTUCHO REF 501 3M;UNIDAD;SEGURIDAD INDUSTRIAL;SEGURIDAD INDUSTRIAL
2554;TABLA DE INMOVILIZACION ESPINAL REF NB:5500 NAJO FERNO;UNIDAD;SEGURIDAD INDUSTRIAL;SEGURIDAD INDUSTRIAL
3633;TAPABOCAS CON VALVULA EP REF 8810;UNIDAD;SEGURIDAD INDUSTRIAL;SEGURIDAD INDUSTRIAL
1370;TAPABOCAS INDUSTRIAL NEGRO;UNIDAD;SEGURIDAD INDUSTRIAL;SEGURIDAD INDUSTRIAL
3683;TAPABOCAS LAVABLE PREMIUM;UNIDAD;SEGURIDAD INDUSTRIAL;SEGURIDAD INDUSTRIAL
2404;TAPETE ATRAPAMUGRE BIENVENIDO;UNIDAD;SEGURIDAD INDUSTRIAL;SEGURIDAD INDUSTRIAL
3153;THINER EXTRA X 17 KG;CANECA;FERRETERIA;SEGURIDAD INDUSTRIAL
2061;THINER EXTRA X 3.800 ML;GALON;FERRETERIA;SEGURIDAD INDUSTRIAL
3453;TIZA DE MAGNESIO SPOT;UNIDAD;SEGURIDAD INDUSTRIAL;SEGURIDAD INDUSTRIAL
3179;"TORNILLO ENSAMBLE AGLOMERADO 1 1/2""";UNIDAD;FERRETERIA;SEGURIDAD INDUSTRIAL
3240;TRAJE STEELPRO REF 7770W;UNIDAD;SEGURIDAD INDUSTRIAL;SEGURIDAD INDUSTRIAL
3593;TULA MEDIANA DE TELA IMPERMEABLE;UNIDAD;DOTACIONES;SEGURIDAD INDUSTRIAL
2988;UNIFORME LAFAYETTE T/L;UNIDAD;DOTACIONES;SEGURIDAD INDUSTRIAL
2987;UNIFORME LAFAYETTE T/M;UNIDAD;DOTACIONES;SEGURIDAD INDUSTRIAL
3299;VISOR ACRILICO CARETA MULTIUSOS;UNIDAD;SEGURIDAD INDUSTRIAL;SEGURIDAD INDUSTRIAL
3607;VISOR EN ACETATO WORKSEG F21V;UNIDAD;SEGURIDAD INDUSTRIAL;SEGURIDAD INDUSTRIAL
3125;VISOR FLEXIBLE PARA CARETA DE ESMERILAR;UNIDAD;SEGURIDAD INDUSTRIAL;SEGURIDAD INDUSTRIAL
3571;ZAPATO SENCILLO UNISEX;PAR;SEGURIDAD INDUSTRIAL;SEGURIDAD INDUSTRIAL
1973;ZAPATO TENI NEGRO TALLAS 34-44;PAR;DOTACIONES;SEGURIDAD INDUSTRIAL
2510;ZAPATON PLASTICO BAJA DENSIDAD C/RESORTE PAR;PAR;DOTACIONES;SEGURIDAD INDUSTRIAL
1060;ACETAMINOFEN 500 GR CAJA X 300 UN;CAJA;MEDICAMENTOS;MEDICOQUIRURGICOS
3496;ACETAMINOFEN JARABE X 90 ML;UNIDAD;MEDICAMENTOS;MEDICOQUIRURGICOS
3765;ACIDO FUSIDICO CREMA 2% X 15 GR;UNIDAD;MEDICAMENTOS;MEDICOQUIRURGICOS
2166;ACIDO PERACETICO DESIPER 15% X 3.800 ML;GALON;LABORATORIO;MEDICOQUIRURGICOS
1700;ADAPTADOR EN T HUDSON REF 1077;UNIDAD;DESECHABLES;MEDICOQUIRURGICOS
2276;"ADAPTIC APOSITO 3"" X 3""";UNIDAD;ESPARADRAPOS;MEDICOQUIRURGICOS
1563;ADIPOMETRO SLIM SKINFOLD;UNIDAD;EQUIPOS;MEDICOQUIRURGICOS
1003;AGUA DESTILADA ESTERIL  X 500 ML CORPAUL;UNIDAD;LIQUIDOS;MEDICOQUIRURGICOS
2265;AGUA DESTILADA P/IRRIGACION X 500 ML BAXTER;UNIDAD;LIQUIDOS;MEDICOQUIRURGICOS
1394;AGUA ESTERIL PARA INYECCION X 5 ML SICMA FARMA;UNIDAD;LIQUIDOS;MEDICOQUIRURGICOS
2327;AGUA GRADO INYECTABLE X 10 ML CORPAUL;UNIDAD;SOLUCIONES;MEDICOQUIRURGICOS
1434;AGUA GRADO INYECTABLE X 250 ML CORPAUL;UNIDAD;LIQUIDOS;MEDICOQUIRURGICOS
1343;AGUA GRADO INYECTABLE X 500 ML CORPAUL;UNIDAD;LIQUIDOS;MEDICOQUIRURGICOS
1002;AGUA OXIGENADA JGB X 120 ML;UNIDAD;LIQUIDOS;MEDICOQUIRURGICOS
2753;AGUA OXIGENADA X 3.600 ML;GALON;LIQUIDOS;MEDICOQUIRURGICOS
2185;AGUJA HIPODERMICA 18 X 1 LIFE CARE;UNIDAD;AGUJAS;MEDICOQUIRURGICOS
1005;"AGUJA HIPODERMICA 18 X 1"" NIPRO";UNIDAD;AGUJAS;MEDICOQUIRURGICOS
1500;AGUJA HIPODERMICA 18 X 1.5 NIPRO;UNIDAD;AGUJAS;MEDICOQUIRURGICOS
2258;AGUJA HIPODERMICA 18 X 1.5 RYMCO;UNIDAD;AGUJAS;MEDICOQUIRURGICOS
2340;AGUJA HIPODERMICA 18 X 1.5 ZIBOJECT;UNIDAD;AGUJAS;MEDICOQUIRURGICOS
1345;AGUJA HIPODERMICA 20 X 1.0 ZIBOJET;UNIDAD;AGUJAS;MEDICOQUIRURGICOS
2247;AGUJA HIPODERMICA 20 X 1.5 VITAL MEDIC;UNIDAD;AGUJAS;MEDICOQUIRURGICOS
1344;AGUJA HIPODERMICA 21 X 1.5 NIPRO;UNIDAD;AGUJAS;MEDICOQUIRURGICOS
1674;AGUJA HIPODERMICA 21 X 1.5 PRECISION;UNIDAD;AGUJAS;MEDICOQUIRURGICOS
2248;AGUJA HIPODERMICA 21 X 1.5 RYMCO;UNIDAD;AGUJAS;MEDICOQUIRURGICOS
2363;AGUJA HIPODERMICA 21 X 1.5 ZIBOJET;UNIDAD;AGUJAS;MEDICOQUIRURGICOS
2364;AGUJA HIPODERMICA 22 X 1.0 LIFECARE;UNIDAD;AGUJAS;MEDICOQUIRURGICOS
2385;AGUJA HIPODERMICA 22 X 1.0 NUBENCO;UNIDAD;AGUJAS;MEDICOQUIRURGICOS
1901;AGUJA HIPODERMICA 22 X 1.0 RYMCO;UNIDAD;AGUJAS;MEDICOQUIRURGICOS
1011;AGUJA HIPODERMICA 22 X 1.5 NIPRO;UNIDAD;AGUJAS;MEDICOQUIRURGICOS
2249;AGUJA HIPODERMICA 22 X 1.5 PRECISION CAJA X 100 UN;CAJA;AGUJAS;MEDICOQUIRURGICOS
1578;AGUJA HIPODERMICA 22 X 1.5 RYMCO;UNIDAD;AGUJAS;MEDICOQUIRURGICOS
2014;AGUJA HIPODERMICA 23 X 1.0 CAJA X 100 UN PRECISION;CAJA;AGUJAS;MEDICOQUIRURGICOS
1009;AGUJA HIPODERMICA 23 X 1.0 DISPOCOL;UNIDAD;AGUJAS;MEDICOQUIRURGICOS
1387;AGUJA HIPODERMICA 23 X 1.0 LIFECARE;UNIDAD;AGUJAS;MEDICOQUIRURGICOS
2091;AGUJA HIPODERMICA 23 X 1.0 NIPRO;UNIDAD;AGUJAS;MEDICOQUIRURGICOS
1006;AGUJA HIPODERMICA 23 X 1.5 NIPRO;UNIDAD;AGUJAS;MEDICOQUIRURGICOS
2303;AGUJA HIPODERMICA 23 X 1.5 RYMCO;UNIDAD;AGUJAS;MEDICOQUIRURGICOS
2287;AGUJA HIPODERMICA 23 X 1.5 ZIBOJECT;UNIDAD;AGUJAS;MEDICOQUIRURGICOS
1288;AGUJA HIPODERMICA 25 X 1 NIPRO;UNIDAD;AGUJAS;MEDICOQUIRURGICOS
2268;AGUJA HIPODERMICA 26 X 0.5 ELITE MEDICAL;UNIDAD;AGUJAS;MEDICOQUIRURGICOS
2092;AGUJA HIPODERMICA 26 X 0.5 NUBENCO;UNIDAD;AGUJAS;MEDICOQUIRURGICOS
2095;AGUJA HIPODERMICA 26 X 0.5 PRECISION;UNIDAD;AGUJAS;MEDICOQUIRURGICOS
1100;AGUJA HIPODERMICA 26 X 0.5 RYMCO;UNIDAD;AGUJAS;MEDICOQUIRURGICOS
1008;AGUJA HIPODERMICA 26 X 0.5 VITAL MEDIC;UNIDAD;AGUJAS;MEDICOQUIRURGICOS
2010;AGUJA HIPODERMICA 26 X 1.0 RYMCO;UNIDAD;AGUJAS;MEDICOQUIRURGICOS
1007;AGUJA HIPODERMICA 30 X 0.5 NUBENCO;UNIDAD;AGUJAS;MEDICOQUIRURGICOS
2329;AGUJA PARA PEN CAL 31 X 8 MM B.D.;UNIDAD;AGUJAS;MEDICOQUIRURGICOS
1101;AGUJA RAQUIDEA O ESPINAL Nº 25 X 3 1/2 B.D.;UNIDAD;AGUJAS;MEDICOQUIRURGICOS
2064;AGUJA VACUTAINER MUESTRA MULTIPLE 21 X 1.0 BD;UNIDAD;AGUJAS;MEDICOQUIRURGICOS
3524;ALCAINE 15 ML SOLUCION OFTALMICA ALCON;UNIDAD;MEDICAMENTOS;MEDICOQUIRURGICOS
3641;ALCOHOL ANTISEPTICO GLICERINADO X 4.000 ML BERHLAN;GALON;MEDICAMENTOS;MEDICOQUIRURGICOS
3244;ALCOHOL ANTISEPTICO X 120 ML JGB;BOTELLA;LIQUIDOS;MEDICOQUIRURGICOS
1013;ALCOHOL ANTISEPTICO X 3.700 ML MK;GALON;LIQUIDOS;MEDICOQUIRURGICOS
2906;ALCOHOL ANTISEPTICO X 3.800 ML JGB;GALON;MEDICAMENTOS;MEDICOQUIRURGICOS
3836;ALCOHOL ANTISEPTICO X 345 ML OSA;BOTELLA;LIQUIDOS;MEDICOQUIRURGICOS
2695;ALCOHOL ANTISEPTICO X 350 ML MK;BOTELLA;LIQUIDOS;MEDICOQUIRURGICOS
1012;ALCOHOL ANTISEPTICO X 700 ML JGB;UNIDAD;LIQUIDOS;MEDICOQUIRURGICOS
1014;ALCOHOL ANTISEPTICO X 700 ML MK;UNIDAD;LIQUIDOS;MEDICOQUIRURGICOS
3830;ALCOHOL ETILICO AL 70 % X 1.000 ML WAS;BOTELLA;LIQUIDOS;MEDICOQUIRURGICOS
1790;ALCOHOL INDUSTRIAL AL 96 % X 1.000 ML;FRASCO;LIQUIDOS;MEDICOQUIRURGICOS
2489;ALCOHOL INDUSTRIAL AL 96 % X 3.800 ML;GALON;LIQUIDOS;MEDICOQUIRURGICOS
2406;ALCOHOLIMETRO CON IMPRESORA MERCURY KIT;UNIDAD;EQUIPOS;MEDICOQUIRURGICOS
3106;ALGODON EN TORUNDAS PQ X 500 GR HIGIETEX;PAQUETE;GASAS;MEDICOQUIRURGICOS
2332;ALGODON EN TORUNDAS PQ X 500 GR NEW STETIC;PAQUETE;GASAS;MEDICOQUIRURGICOS
1015;ALGODON LAMINADO PQ X 25 GR HIGIETEX;PAQUETE;GASAS;MEDICOQUIRURGICOS
1792;ALGODON LAMINADO PQ X 50 GR;UNIDAD;GASAS;MEDICOQUIRURGICOS
1513;ALGODON PQ X 100 GRAMOS;PAQUETE;GASAS;MEDICOQUIRURGICOS
1016;ALGODON TORUNDAS X 500 GR MK;PAQUETE;GASAS;MEDICOQUIRURGICOS
2414;ANIOS SURFA SAFE SPRAY X 750 ML ;FRASCO;LIQUIDOS;MEDICOQUIRURGICOS
2168;ANIOSYME DETERGENTE TRIENZIMA LIQUIDO X LITRO;UNIDAD;LIQUIDOS;MEDICOQUIRURGICOS
1502;ANIOSYME PLA II DETER POLVO EN SOBRE;UNIDAD;DESECHABLES;MEDICOQUIRURGICOS
3845;ANTAX X 360 ML FUNAT;FRASCO;MEDICAMENTOS;MEDICOQUIRURGICOS
1551;ANTEOJOS DE SEGURIDAD REF: V20 TRANSPARENTE;UNIDAD;DESECHABLES;MEDICOQUIRURGICOS
1509;APLICADOR ANTISEPTICO 3M REF: RS-960-10B P CAJA X 100;CAJA;DESECHABLES;MEDICOQUIRURGICOS
1512;APLICADOR DE MADERA C/ALGODON PQ X 100 UN;PAQUETE;DESECHABLES;MEDICOQUIRURGICOS
1018;APLICADOR DE MADERA C/ALGODON PQ X 20 UN;PAQUETE;DESECHABLES;MEDICOQUIRURGICOS
1349;APLICADOR SIN ALGODON X 1000;PAQUETE;DESECHABLES;MEDICOQUIRURGICOS
1848;APOSITO ACTISORB PLUS 6.5 X 9.5 JOHNSON;UNIDAD;ESPARADRAPOS;MEDICOQUIRURGICOS
1800;APOSITO AQUACEL 10 X 10 CONVATEC;UNIDAD;ESPARADRAPOS;MEDICOQUIRURGICOS
1799;APOSITO AQUACEL AG 10 X 10 CONVATEC;UNIDAD;ESPARADRAPOS;MEDICOQUIRURGICOS
2011;APOSITO AQUACEL AG 15 X 15 CONVATEC;UNIDAD;ESPARADRAPOS;MEDICOQUIRURGICOS
2004;APOSITO AQUACEL AG 20 X 30 CONVATEC;UNIDAD;ESPARADRAPOS;MEDICOQUIRURGICOS
1921;APOSITO AQUACEL HIDROCOLOIDE 15 X 15 CONVATEC ;UNIDAD;ESPARADRAPOS;MEDICOQUIRURGICOS
2005;APOSITO AQUACEL MECHA 2 X 45 CONVATEC;UNIDAD;ESPARADRAPOS;MEDICOQUIRURGICOS
2196;APOSITO CUTIMED CAVITY 15 X 15 B.S.N.;UNIDAD;ESPARADRAPOS;MEDICOQUIRURGICOS
1968;APOSITO CUTIMED SILTEC 10 X 10 BSN;UNIDAD;ESPARADRAPOS;MEDICOQUIRURGICOS
2271;APOSITO CUTIMED SILTEC 20 X 20 B.S.N.;UNIDAD;ESPARADRAPOS;MEDICOQUIRURGICOS
1964;APOSITO CUTIMED SORBACT 7 CM X 9 CM BSN;UNIDAD;ESPARADRAPOS;MEDICOQUIRURGICOS
1610;APOSITO DUODERM CGF 10 X 10 CONVATEC REF: 187660;UNIDAD;GASAS;MEDICOQUIRURGICOS
2031;APOSITO DUODERM CGF 15 X 15 CONVATEC;UNIDAD;ESPARADRAPOS;MEDICOQUIRURGICOS
1984;APOSITO DUODERM CGF 20 X 20 CONVATEC;UNIDAD;ESPARADRAPOS;MEDICOQUIRURGICOS
1826;APOSITO DUODERM ET 10 X 10 CM CONVATEC;UNIDAD;ESPARADRAPOS;MEDICOQUIRURGICOS
1827;APOSITO DUODERM ET 15 X 15 CM CONVATEC;UNIDAD;ESPARADRAPOS;MEDICOQUIRURGICOS
1952;APOSITO DUODERM ET 20 X 20 CM CONVATEC;UNIDAD;GASAS;MEDICOQUIRURGICOS
2069;APOSITO DUODERM SIGNAL 10 CM X 10 CM CONVATEC;UNIDAD;ESPARADRAPOS;MEDICOQUIRURGICOS
1965;APOSITO DUODERM SIGNAL 20 CM X 22 CM CONVATEC;UNIDAD;ESPARADRAPOS;MEDICOQUIRURGICOS
1806;APOSITO FIBRACOL 10 X 11 JHONSON;UNIDAD;ESPARADRAPOS;MEDICOQUIRURGICOS
2032;APOSITO GELIFICANTE 10 X 10 VERSIVA CONVATEC;UNIDAD;ESPARADRAPOS;MEDICOQUIRURGICOS
1888;APOSITO HIDROCELULAR ESPUMA 10 CM X 10 CM ALLEVYN ;UNIDAD;ESPARADRAPOS;MEDICOQUIRURGICOS
1819;APOSITO HIDROCELULAR ESPUMA 7.5 CM X 7.5 CM ALLEVYN ;UNIDAD;ESPARADRAPOS;MEDICOQUIRURGICOS
1857;APOSITO LEUKOMED T PLUS 5.0 X 7.2 CM;UNIDAD;ESPARADRAPOS;MEDICOQUIRURGICOS
2045;APOSITO OCULAR CURITY ESTERIL;UNIDAD;DESECHABLES;MEDICOQUIRURGICOS
2090;APOSITO OCULAR NEXCARE 3M CAJA X 20 UN;CAJA;ESPARADRAPOS;MEDICOQUIRURGICOS
3091;APOSITO OCULAR ZIBOJECT CAJA X 20 UN;CAJA;ESPARADRAPOS;MEDICOQUIRURGICOS
1818;APOSITO SILVERCEL 11 CM X 11 CM J & J;UNIDAD;ESPARADRAPOS;MEDICOQUIRURGICOS
1078;APOSITO TEGADERM 10 X 12 CM 1626W 3M;UNIDAD;DESECHABLES;MEDICOQUIRURGICOS
2027;APOSITO TEGADERM 6 X 7 CM 3M;UNIDAD;DESECHABLES;MEDICOQUIRURGICOS
2104;APOSITO TEGADERM ALGINATE MECHA 30 CM ;UNIDAD;DESECHABLES;MEDICOQUIRURGICOS
2654;ARNES DE SEGURIDAD PARA CAMILLA;UNIDAD;EQUIPOS;MEDICOQUIRURGICOS
1531;ASEPTIBAC SOL. DESINFECTANTE AL 1% X 3.785 CC;GALON;LIQUIDOS;MEDICOQUIRURGICOS
1391;ASEPTIDINA JABON QUIRURGICO AL 4%  X 1000 CC;LITRO;LIQUIDOS;MEDICOQUIRURGICOS
1019;ASEPTIDINA JABON QUIRURGICO AL 4%  X 3.785 CC ;GALON;LIQUIDOS;MEDICOQUIRURGICOS
1376;ASEPTIDINA JABON QUIRURGICO AL 4% X 120 CC;UNIDAD;LIQUIDOS;MEDICOQUIRURGICOS
1776;ASEPTIDINA JABON QUIRURGICO AL 4% X 30 ML;FRASCO;LIQUIDOS;MEDICOQUIRURGICOS
2065;ASEPTIDINA JABON QUIRURGICO AL 4% X 60 CC;UNIDAD;LIQUIDOS;MEDICOQUIRURGICOS
2044;ASEPTIDINA JABON QUIRURGICO AL 4% X 800 ML;UNIDAD;LIQUIDOS;MEDICOQUIRURGICOS
2053;ASEPTIGEL ANTISEPTICO BOLSA X 800 ML;UNIDAD;LIQUIDOS;MEDICOQUIRURGICOS
1286;ASEPTIGEL ANTISEPTICO X 1000 ML;BOTELLA;LIQUIDOS;MEDICOQUIRURGICOS
1303;ASEPTIGEL ANTISEPTICO X 3.785 CC;GALON;LIQUIDOS;MEDICOQUIRURGICOS
1733;AUTOCLAVE PARA ESTERILIZACION;UNIDAD;EQUIPOS;MEDICOQUIRURGICOS
1823;BAJALENGUAS DE MADERA PQ X 20 UN;PAQUETE;DESECHABLES;MEDICOQUIRURGICOS
1293;BAJALENGUAS PQ X 100;UNIDAD;DESECHABLES;MEDICOQUIRURGICOS
1725;BALANZA DE PISO DETECTO D1130K AMERICANA;UNIDAD;EQUIPOS;MEDICOQUIRURGICOS
2977;BALANZA DIGITAL KENWELL 150 KG;UNIDAD;EQUIPOS;MEDICOQUIRURGICOS
1726;BALANZA PEDIATRICA DIGITAL CAP 20 KG;UNIDAD;EQUIPOS;MEDICOQUIRURGICOS
1290;BANDEJA EN ACERO INOXIDABLE 29 CM X 45;UNIDAD;EQUIPOS;MEDICOQUIRURGICOS
2300;BARRERA COLOSTOMIA 100 MM CONVATEC;UNIDAD;EQUIPOS;MEDICOQUIRURGICOS
2261;BARRERA COLOSTOMIA 38 MM CONVATEC;UNIDAD;EQUIPOS;MEDICOQUIRURGICOS
1543;BARRERA COLOSTOMIA 45 MM CONVATEC ;UNIDAD;EQUIPOS;MEDICOQUIRURGICOS
2299;BARRERA COLOSTOMIA 45 MM CONVEXA CONVATEC;UNIDAD;EQUIPOS;MEDICOQUIRURGICOS
1023;BARRERA COLOSTOMIA 57 MM CONVATEC ;UNIDAD;EQUIPOS;MEDICOQUIRURGICOS
1022;BARRERA COLOSTOMIA 70 MM CONVATEC ;UNIDAD;EQUIPOS;MEDICOQUIRURGICOS
1542;BARRERA COLOSTOMIA LISA 20 X 20 CONVATEC;UNIDAD;EQUIPOS;MEDICOQUIRURGICOS
2985;BASE REFRIGERANTE SENCILLA;UNIDAD;EQUIPOS;MEDICOQUIRURGICOS
1874;BATA 3/4 DACRON M/L TODAS TALLAS;UNIDAD;DESECHABLES;MEDICOQUIRURGICOS
1688;BATA INDUSTRIAL AZUL M/L CON VELCRO;UNIDAD;DESECHABLES;MEDICOQUIRURGICOS
1882;BATA INDUSTRIAL BLANCA  MANGA LARGA;UNIDAD;DESECHABLES;MEDICOQUIRURGICOS
1423;BATA INDUSTRIAL BLANCA MANGA CORTA;UNIDAD;DESECHABLES;MEDICOQUIRURGICOS
2346;BATA PACIENTE AZUL SMS M/SISA 0.95 LARGO;UNIDAD;DESECHABLES;MEDICOQUIRURGICOS
1024;BATA PACIENTE EN SMS AZUL 35 GR M/L CON RESORTE;UNIDAD;DESECHABLES;MEDICOQUIRURGICOS
1025;BATA PACIENTE EN SS AZUL M/C;UNIDAD;DESECHABLES;MEDICOQUIRURGICOS
1915;BATA QUIRURGICA SMS 35 GR M/L 4 TIRAS;UNIDAD;DESECHABLES;MEDICOQUIRURGICOS
1039;BEN GAY CREMA TOPICA X 30 GR;UNIDAD;MEDICAMENTOS;MEDICOQUIRURGICOS
3831;BENZALDINA PLUS X 500 ML HOLANDINA;FRASCO;LABORATORIO;MEDICOQUIRURGICOS
2313;BERODUAL SOLUCION 20 ML 0.50 MG;UNIDAD;MEDICAMENTOS;MEDICOQUIRURGICOS
3821;BETAMETASONA 4 MG X 1 ML AMP;UNIDAD;MEDICAMENTOS;MEDICOQUIRURGICOS
3503;BETAMETASONA CREMA X 40 GR;UNIDAD;MEDICAMENTOS;MEDICOQUIRURGICOS
1501;BIOMBO DE TRES CUERPOS;UNIDAD;EQUIPOS;MEDICOQUIRURGICOS
2773;BIOSAFE GT X 1.000 ML;LITRO;LIQUIDOS;MEDICOQUIRURGICOS
1026;BOLSA AGUA CALIENTE CON ACCES PRIMA;UNIDAD;EQUIPOS;MEDICOQUIRURGICOS
2050;BOLSA CADAVER CON CREMALLERA 1 X 2.20 MT;UNIDAD;DESECHABLES;MEDICOQUIRURGICOS
1544;BOLSA DRENAJE 70 MM CONVATEC;UNIDAD;DESECHABLES;MEDICOQUIRURGICOS
2047;BOLSA DRENAJE ACTIVE LIFE CONVATEC;UNIDAD;EQUIPOS;MEDICOQUIRURGICOS
1032;BOLSA DRENAJE COLOS 38 MM CONVATEC;UNIDAD;EQUIPOS;MEDICOQUIRURGICOS
1033;BOLSA DRENAJE COLOS 45 MM CONVATEC ;UNIDAD;EQUIPOS;MEDICOQUIRURGICOS
1034;BOLSA DRENAJE COLOS 57 MM CONVATEC;UNIDAD;EQUIPOS;MEDICOQUIRURGICOS
1529;BOLSA GRADO MEDICO 60 X 260;UNIDAD;DESECHABLES;MEDICOQUIRURGICOS
1530;BOLSA GRADO MEDICO 90 X 260;UNIDAD;DESECHABLES;MEDICOQUIRURGICOS
1035;BOLSA NUTRIFLO BAXTER;UNIDAD;DESECHABLES;MEDICOQUIRURGICOS
1036;BOLSA RECOLECTORA ORINA PEDIATRICA MEDEX;UNIDAD;DESECHABLES;MEDICOQUIRURGICOS
1037;BOLSA VACIA 1200 ML KANGAROO REF 8884704305;UNIDAD;DESECHABLES;MEDICOQUIRURGICOS
1949;BOMBA DE INFUSION;UNIDAD;EQUIPOS;MEDICOQUIRURGICOS
2036;BOMBA DE SUCCION MANUAL DE SECRECIONES;UNIDAD;EQUIPOS;MEDICOQUIRURGICOS
2203;BOMBA DE SUCCION MANUAL FERNO 2 MVP;UNIDAD;EQUIPOS;MEDICOQUIRURGICOS
1838;BOMBA DESOLDADOR REF: GS-100;UNIDAD;EQUIPOS;MEDICOQUIRURGICOS
2133;BOTON DE GASTROSTOMIA 14 FR 1.7 CM KENDALL;UNIDAD;EQUIPOS;MEDICOQUIRURGICOS
1892;BOTON DE GASTROSTOMIA 16 FR 1.7 CM KENDALL;UNIDAD;EQUIPOS;MEDICOQUIRURGICOS
2150;BOTON DE GASTROSTOMIA 16 FR 1.7 CM KENDALL ;UNIDAD;EQUIPOS;MEDICOQUIRURGICOS
2156;BOTON DE GASTROSTOMIA 20 FR 1.5 CM;UNIDAD;EQUIPOS;MEDICOQUIRURGICOS
2146;BOTON DE GASTROSTOMIA 20 FR 2.5 CM KENDALL;UNIDAD;EQUIPOS;MEDICOQUIRURGICOS
2060;BRAZALETE 2 VIAS ADULTO PARA TENSIOMETRO;UNIDAD;EQUIPOS;MEDICOQUIRURGICOS
2586;BRAZALETE 2 VIAS ADULTO WELCH ALLYN;UNIDAD;EQUIPOS;MEDICOQUIRURGICOS
1021;BRAZALETE PORTA DOCUMENTOS PLASTICO;UNIDAD;DESECHABLES;MEDICOQUIRURGICOS
1315;BRAZALETE UNA SOLA VIA PARA MONITOR MARCA LORD;UNIDAD;EQUIPOS;MEDICOQUIRURGICOS
1038;BURETROL EQUIPO P/ADMON SOLUSION SALINA;UNIDAD;EQUIPOS;MEDICOQUIRURGICOS
3494;BUSCAPINA AMPOLLA X 5 ML;UNIDAD;MEDICAMENTOS;MEDICOQUIRURGICOS
2633;BUTACO MECANICO PINTADO CONSULTORIO;UNIDAD;EQUIPOS;MEDICOQUIRURGICOS
2001;BUZON DE SUGERENCIAS ACRILICO;UNIDAD;EQUIPOS;MEDICOQUIRURGICOS
2752;CAJA PETRI DE VIDRIO 100 X 15;UNIDAD;LABORATORIO;MEDICOQUIRURGICOS
2751;CAJA PETRI DE VIDRIO 60 X 15;UNIDAD;LABORATORIO;MEDICOQUIRURGICOS
1862;"CAJA PLASTICA PARA HERRAMIENTAS 22""";UNIDAD;DESECHABLES;MEDICOQUIRURGICOS
1850;CAJONERO 3G CON RODACHINES;UNIDAD;EQUIPOS;MEDICOQUIRURGICOS
3775;CALADRYL CLEAR X 100 ML;UNIDAD;MEDICAMENTOS;MEDICOQUIRURGICOS
1736;CALIBRACION EQUIPOS (TENSIOMETRO);UNIDAD;EQUIPOS;MEDICOQUIRURGICOS
1741;CAMA SEMIELECTRICA HOSPITALIZACION;UNIDAD;EQUIPOS;MEDICOQUIRURGICOS
2989;CAMILLA DE UN PLANO 55 CM ;UNIDAD;EQUIPOS;MEDICOQUIRURGICOS
1734;CAMILLA PARA TRANSPORTE Y RECUPERACION;UNIDAD;EQUIPOS;MEDICOQUIRURGICOS
3634;CAMISA VACUTAINER SENCILLA;UNIDAD;AGUJAS;MEDICOQUIRURGICOS
2560;CAMISON PLASTICO BLANCO;UNIDAD;DESECHABLES;MEDICOQUIRURGICOS
1356;CAMISON PLASTICO LARGO 110 CM X 68 CM M/L;UNIDAD;DESECHABLES;MEDICOQUIRURGICOS
1040;CAMPO ESTERIL 30 CM X 30 CM FENESTRADO 8 CM;UNIDAD;DESECHABLES;MEDICOQUIRURGICOS
1276;CAMPO ESTERIL 50 CM X 50 CM CERRADO;UNIDAD;DESECHABLES;MEDICOQUIRURGICOS
2145;CAMPO ESTERIL 50 X 50 FENESTRADO 8 CM;UNIDAD;DESECHABLES;MEDICOQUIRURGICOS
1956;CAMPO LIMPIO 30 CM X 30 CM CERRADO;UNIDAD;DESECHABLES;MEDICOQUIRURGICOS
2066;CAMPO LIMPIO 30 CM X 30 CM FENESTRADO 8 CM;UNIDAD;DESECHABLES;MEDICOQUIRURGICOS
2508;CAMPO LIMPIO 50 CM X 50 CM ;UNIDAD;DESECHABLES;MEDICOQUIRURGICOS
2566;CAMPO LIMPIO 70 CM X 70 CM;UNIDAD;DESECHABLES;MEDICOQUIRURGICOS
2034;CANDADO PLASTICO NUMERADO PARA CARRO DE PARO;UNIDAD;EQUIPOS;MEDICOQUIRURGICOS
1596;CANECA REDONDA AZUL 80 LT CON TAPA;UNIDAD;DESECHABLES;MEDICOQUIRURGICOS
1045;CANULA DE GUEDEL Nº 0 MEDEX;UNIDAD;DESECHABLES;MEDICOQUIRURGICOS
1041;CANULA DE GUEDEL Nº 1 L.M.;UNIDAD;DESECHABLES;MEDICOQUIRURGICOS
1046;CANULA DE GUEDEL Nº 2 INTERSURGICAL;UNIDAD;DESECHABLES;MEDICOQUIRURGICOS
1611;CANULA DE GUEDEL Nº 3 INTERSURGICAL;UNIDAD;DESECHABLES;MEDICOQUIRURGICOS
1042;CANULA DE GUEDEL Nº 3 MEDEX;UNIDAD;DESECHABLES;MEDICOQUIRURGICOS
1043;CANULA DE GUEDEL Nº 5 INTERSURGICAL;UNIDAD;DESECHABLES;MEDICOQUIRURGICOS
1044;CANULA DE GUEDEL Nº 5 MEDEX;UNIDAD;DESECHABLES;MEDICOQUIRURGICOS
1274;CANULA DE OXIGENO NEONATAL MEDEX;UNIDAD;EQUIPOS;MEDICOQUIRURGICOS
1051;CANULA NASAL OXIGENO ADULTO BIOLIFE;UNIDAD;EQUIPOS;MEDICOQUIRURGICOS
1048;CANULA NASAL OXIGENO ADULTO GLOBAL;UNIDAD;DESECHABLES;MEDICOQUIRURGICOS
1049;CANULA NASAL OXIGENO ADULTO PLUS VITAL;UNIDAD;EQUIPOS;MEDICOQUIRURGICOS
1943;CANULA NASAL OXIGENO KRAMER DE 2.1 MTS;UNIDAD;EQUIPOS;MEDICOQUIRURGICOS
1050;CANULA NASAL OXIGENO NEONATAL;UNIDAD;EQUIPOS;MEDICOQUIRURGICOS
2324;CANULA NASAL OXIGENO PEDIATRICA GLOBAL;UNIDAD;DESECHABLES;MEDICOQUIRURGICOS
1047;CANULA NASAL OXIGENO PEDIATRICA PLUS VITAL;UNIDAD;EQUIPOS;MEDICOQUIRURGICOS
1322;CANULA SUPRAGLOTICA I-GEL Nº 2 REF 8202000;UNIDAD;EQUIPOS;MEDICOQUIRURGICOS
1331;CANULA SUPRAGLOTICA I-GEL Nº 3 REF 8203000;UNIDAD;EQUIPOS;MEDICOQUIRURGICOS
1333;CANULA SUPRAGLOTICA I-GEL Nº 4 REF 8204000;UNIDAD;EQUIPOS;MEDICOQUIRURGICOS
1334;CANULA SUPRAGLOTICA I-GEL Nº 5 REF 8205000;UNIDAD;EQUIPOS;MEDICOQUIRURGICOS
2530;CANULA TRAQUEOSTOMIA #8 VARIO S/FEN C/B ANILLADA TRACOE;UNIDAD;EQUIPOS;MEDICOQUIRURGICOS
1825;CANULA TRAQUEOSTOMIA 10 FEN C/B SHILEY;UNIDAD;EQUIPOS;MEDICOQUIRURGICOS
1859;CANULA TRAQUEOSTOMIA 10 LPC C/B SHILEY;UNIDAD;EQUIPOS;MEDICOQUIRURGICOS
2506;CANULA TRAQUEOSTOMIA 3.5 MM S/B SUN MED;UNIDAD;EQUIPOS;MEDICOQUIRURGICOS
1824;CANULA TRAQUEOSTOMIA 3.5 PED SHILEY;UNIDAD;EQUIPOS;MEDICOQUIRURGICOS
2222;CANULA TRAQUEOSTOMIA 4 CFS S/B SHILEY;UNIDAD;JERINGAS;MEDICOQUIRURGICOS
1589;CANULA TRAQUEOSTOMIA 4 FEN C/B SHILEY;UNIDAD;EQUIPOS;MEDICOQUIRURGICOS
1797;CANULA TRAQUEOSTOMIA 4 LPC C/B SHILEY;UNIDAD;EQUIPOS;MEDICOQUIRURGICOS
2057;CANULA TRAQUEOSTOMIA 4.0 MINI NEO S/B TRACOE;UNIDAD;EQUIPOS;MEDICOQUIRURGICOS
1796;CANULA TRAQUEOSTOMIA 4.0 MM C/B RUSCH;UNIDAD;EQUIPOS;MEDICOQUIRURGICOS
1899;CANULA TRAQUEOSTOMIA 4.0 MM S/B RUSCH;UNIDAD;EQUIPOS;MEDICOQUIRURGICOS
2362;CANULA TRAQUEOSTOMIA 4.0 MM S/B SUN MED;UNIDAD;EQUIPOS;MEDICOQUIRURGICOS
2159;CANULA TRAQUEOSTOMIA 4.0 PED S/B SHILEY;UNIDAD;EQUIPOS;MEDICOQUIRURGICOS
1554;CANULA TRAQUEOSTOMIA 4.5 MM C/B RUSCH;UNIDAD;JERINGAS;MEDICOQUIRURGICOS
1816;CANULA TRAQUEOSTOMIA 4.5 MM C/B WELL LEAD;UNIDAD;EQUIPOS;MEDICOQUIRURGICOS
2255;CANULA TRAQUEOSTOMIA 4.5 NEO SHILEY;UNIDAD;EQUIPOS;MEDICOQUIRURGICOS
1924;CANULA TRAQUEOSTOMIA 4.5 PED SHILEY;UNIDAD;EQUIPOS;MEDICOQUIRURGICOS
1503;CANULA TRAQUEOSTOMIA 5.0 MM C/B RUSCH;UNIDAD;JERINGAS;MEDICOQUIRURGICOS
2388;CANULA TRAQUEOSTOMIA 5.0 MM C/B SUN MED;UNIDAD;EQUIPOS;MEDICOQUIRURGICOS
2254;CANULA TRAQUEOSTOMIA 5.0 MM FEN S/B TRACOE;UNIDAD;JERINGAS;MEDICOQUIRURGICOS
1900;CANULA TRAQUEOSTOMIA 5.0 MM S/B RUSCH;UNIDAD;EQUIPOS;MEDICOQUIRURGICOS
1810;CANULA TRAQUEOSTOMIA 5.0 PED SHILEY;UNIDAD;JERINGAS;MEDICOQUIRURGICOS
1555;CANULA TRAQUEOSTOMIA 5.5 MM C/B RUSCH;UNIDAD;EQUIPOS;MEDICOQUIRURGICOS
2389;CANULA TRAQUEOSTOMIA 5.5 MM C/B SUN MED;UNIDAD;EQUIPOS;MEDICOQUIRURGICOS
1834;CANULA TRAQUEOSTOMIA 5.5 MM C/B WELL LEAD;UNIDAD;EQUIPOS;MEDICOQUIRURGICOS
2459;CANULA TRAQUEOSTOMIA 5.5 PDC SHILEY;UNIDAD;EQUIPOS;MEDICOQUIRURGICOS
1505;CANULA TRAQUEOSTOMIA 5.5 PED SHILEY;UNIDAD;JERINGAS;MEDICOQUIRURGICOS
1514;CANULA TRAQUEOSTOMIA 6 FEN C/B SHILEY;UNIDAD;JERINGAS;MEDICOQUIRURGICOS
1849;CANULA TRAQUEOSTOMIA 6 LPC C/B SHILEY;UNIDAD;JERINGAS;MEDICOQUIRURGICOS
1883;CANULA TRAQUEOSTOMIA 6.0 C/B WELL LEAD;UNIDAD;EQUIPOS;MEDICOQUIRURGICOS
1708;CANULA TRAQUEOSTOMIA 6.0 CFN SHILEY;UNIDAD;JERINGAS;MEDICOQUIRURGICOS
2182;CANULA TRAQUEOSTOMIA 6.0 MM C/B RUSCH;UNIDAD;EQUIPOS;MEDICOQUIRURGICOS
1557;CANULA TRAQUEOSTOMIA 6.0 MM MINI PED S/B TRACOE;UNIDAD;EQUIPOS;MEDICOQUIRURGICOS
2528;CANULA TRAQUEOSTOMIA 6.0 TWIST S/FEN S/B TRACOE;UNIDAD;EQUIPOS;MEDICOQUIRURGICOS
2502;CANULA TRAQUEOSTOMIA 6.5 MM C/B SUN MED;UNIDAD;EQUIPOS;MEDICOQUIRURGICOS
1556;CANULA TRAQUEOSTOMIA 6.5 MM C/B WELL LEAD;UNIDAD;EQUIPOS;MEDICOQUIRURGICOS
2535;CANULA TRAQUEOSTOMIA 7.0 MM C/B RUSCH;UNIDAD;EQUIPOS;MEDICOQUIRURGICOS
2330;CANULA TRAQUEOSTOMIA 7.0 MM C/B SUN MED;UNIDAD;EQUIPOS;MEDICOQUIRURGICOS
1569;CANULA TRAQUEOSTOMIA 7.0 MM LM FENESTRADA;UNIDAD;JERINGAS;MEDICOQUIRURGICOS
2257;CANULA TRAQUEOSTOMIA 7.5 MM C/B RUSCH;UNIDAD;EQUIPOS;MEDICOQUIRURGICOS
1321;CANULA TRAQUEOSTOMIA 7.5 MM C/B SUN MED;UNIDAD;EQUIPOS;MEDICOQUIRURGICOS
1506;CANULA TRAQUEOSTOMIA 7.5 MM PORTEX;UNIDAD;JERINGAS;MEDICOQUIRURGICOS
1371;CANULA TRAQUEOSTOMIA 8 CFN S/B SHILEY;UNIDAD;EQUIPOS;MEDICOQUIRURGICOS
1508;CANULA TRAQUEOSTOMIA 8 FEN C/B SHILEY;UNIDAD;JERINGAS;MEDICOQUIRURGICOS
1829;CANULA TRAQUEOSTOMIA 8 LPC N/FEN C/B SHILEY;UNIDAD;JERINGAS;MEDICOQUIRURGICOS
1320;CANULA TRAQUEOSTOMIA 8.0 MM C/B RUSCH;UNIDAD;EQUIPOS;MEDICOQUIRURGICOS
2359;CANULA TRAQUEOSTOMIA 8.0 MM C/B SUN MED;UNIDAD;JERINGAS;MEDICOQUIRURGICOS
1377;CANULA TRAQUEOSTOMIA 8.5 MM C/B RUSCH;UNIDAD;EQUIPOS;MEDICOQUIRURGICOS
2500;CANULA TRAQUEOSTOMIA 8.5 MM C/B SUN MED;UNIDAD;EQUIPOS;MEDICOQUIRURGICOS
1504;CANULA TRAQUEOSTOMIA 8.5 MM PORTEX;UNIDAD;JERINGAS;MEDICOQUIRURGICOS
2136;CANULA TRAQUEOSTOMIA 9.0 FEN C/B TRACOE;UNIDAD;EQUIPOS;MEDICOQUIRURGICOS
1835;CANULA TRAQUEOSTOMIA 9.0 MM C/B RUSCH;UNIDAD;EQUIPOS;MEDICOQUIRURGICOS
1469;CANULA TRAQUEOSTOMIA 9.0 MM PORTEX;UNIDAD;DESECHABLES;MEDICOQUIRURGICOS
2275;CANULA TRAQUEOSTOMIA C/B Y SUCCION Nº 6.0 BLOM PULMODYNE;KIT;EQUIPOS;MEDICOQUIRURGICOS
2635;CANULA TRAQUEOSTOMIA C/B Y SUCCION Nº 8.0 BLOM PULMODYNE;KIT;EQUIPOS;MEDICOQUIRURGICOS
1798;CANULA TRAQUEOSTOMIA TWIST 7.0 MM FEN C/B TRACOE;UNIDAD;EQUIPOS;MEDICOQUIRURGICOS
1815;CANULA TRAQUEOSTOMIA TWIST 8.0 MM FEN C/B TRACOE;UNIDAD;EQUIPOS;MEDICOQUIRURGICOS
2529;CANULA TRAQUEOSTOMIA VARIO S/FEN C/B ANILLADA TRACOE;UNIDAD;EQUIPOS;MEDICOQUIRURGICOS
1664;CANULA YANKAUER + TUBO NO ESTERIL;UNIDAD;EQUIPOS;MEDICOQUIRURGICOS
1646;CARETA PARA ODONTOLOGO CON REPUESTOS;UNIDAD;EQUIPOS;MEDICOQUIRURGICOS
1742;CARRO DE 3 ESTANTES COMPLETO;UNIDAD;EQUIPOS;MEDICOQUIRURGICOS
1279;CATETER CENTRAL BILUMEN ADULTO VYGON;UNIDAD;JERINGAS;MEDICOQUIRURGICOS
1054;CATETER CENTRAL TRILUMEN ADULTO 7FRX20CM BRAUN;UNIDAD;AGUJAS;MEDICOQUIRURGICOS
3516;CATETER INTRAVENOSO N° 22 INTROCAN CERTO;UNIDAD;JERINGAS;MEDICOQUIRURGICOS
1055;CATETER INTRAVENOSO N° 24 PRECISION CARE;UNIDAD;JERINGAS;MEDICOQUIRURGICOS
3428;CATETER INTRAVENOSO N° 26 ALFASAFE;UNIDAD;JERINGAS;MEDICOQUIRURGICOS
1599;CATETER INTRAVENOSO Nº 14 B.D.;UNIDAD;JERINGAS;MEDICOQUIRURGICOS
1655;CATETER INTRAVENOSO Nº 16 BD;UNIDAD;JERINGAS;MEDICOQUIRURGICOS
1383;CATETER INTRAVENOSO Nº 16 INTROCAN CERTO;UNIDAD;JERINGAS;MEDICOQUIRURGICOS
1651;CATETER INTRAVENOSO Nº 16 NIPRO;UNIDAD;JERINGAS;MEDICOQUIRURGICOS
1382;CATETER INTRAVENOSO Nº 18 BD;UNIDAD;JERINGAS;MEDICOQUIRURGICOS
1056;CATETER INTRAVENOSO Nº 18 INTROCAN CERTO;UNIDAD;JERINGAS;MEDICOQUIRURGICOS
1903;CATETER INTRAVENOSO Nº 18 JELCO;UNIDAD;JERINGAS;MEDICOQUIRURGICOS
1052;CATETER INTRAVENOSO Nº 18 NIPRO;UNIDAD;JERINGAS;MEDICOQUIRURGICOS
1673;CATETER INTRAVENOSO Nº 20 JELCO;UNIDAD;JERINGAS;MEDICOQUIRURGICOS
1367;CATETER INTRAVENOSO Nº 20 NIPRO;UNIDAD;JERINGAS;MEDICOQUIRURGICOS
1058;CATETER INTRAVENOSO Nº 20 RYMCO;UNIDAD;JERINGAS;MEDICOQUIRURGICOS
1588;CATETER INTRAVENOSO Nº 22 BD;UNIDAD;JERINGAS;MEDICOQUIRURGICOS
1598;CATETER INTRAVENOSO Nº 22 JELCO;UNIDAD;JERINGAS;MEDICOQUIRURGICOS
1428;CATETER INTRAVENOSO Nº 22 NIPRO;UNIDAD;JERINGAS;MEDICOQUIRURGICOS
1429;CATETER INTRAVENOSO Nº 22 RYMCO;UNIDAD;JERINGAS;MEDICOQUIRURGICOS
1553;CATETER INTRAVENOSO Nº 24 B.D.;UNIDAD;JERINGAS;MEDICOQUIRURGICOS
1053;CATETER INTRAVENOSO Nº 24 INTROCAN CERTO;UNIDAD;JERINGAS;MEDICOQUIRURGICOS
1369;CATETER INTRAVENOSO Nº 24 NIPRO;UNIDAD;JERINGAS;MEDICOQUIRURGICOS
1278;CATETER VENOSO CENTRAL DUO S720 7FR 20 CM BRAUN;UNIDAD;EQUIPOS;MEDICOQUIRURGICOS
1280;CATETER VENOSO CENTRAL TRIO V720 7FR 20 CM BRAUN ;UNIDAD;EQUIPOS;MEDICOQUIRURGICOS
1676;CATGUT CROMADO 0 CT1 70 CM 812T;UNIDAD;SUTURAS;MEDICOQUIRURGICOS
2278;CATGUT CROMADO 2/0 CT1 70 CM 811T;UNIDAD;SUTURAS;MEDICOQUIRURGICOS
1059;CAUCHO TORNIQUETE X METRO 3 X 5;UNIDAD;DESECHABLES;MEDICOQUIRURGICOS
1756;CEPILLO DENTAL ADULTO;UNIDAD;DESECHABLES;MEDICOQUIRURGICOS
2805;CHALECO INMOVILIZACION EXTRACCION VEHICULAR FERNO KED-125;UNIDAD;EQUIPOS;MEDICOQUIRURGICOS
1839;CIDEX OPA GALON X 3.780 ML JOHNSON;GALON;LIQUIDOS;MEDICOQUIRURGICOS
2981;CILINDRO OXIGENO DE 249 LT;UNIDAD;EQUIPOS;MEDICOQUIRURGICOS
3268;CINTA ESTERILOMETRO VAPOR 3/4 X 50 MT 3M;ROLLO;DESECHABLES;MEDICOQUIRURGICOS
1662;CINTA HILADILLA DELGADA X METRO;METROS;DESECHABLES;MEDICOQUIRURGICOS
1558;CINTA KINESIOLOGICA AZUL ROLLO 20 TIRAS 5 X 25 CM;ROLLO;ESPARADRAPOS;MEDICOQUIRURGICOS
2082;CINTA METRICA X 1.5 MTS;UNIDAD;DESECHABLES;MEDICOQUIRURGICOS
2028;CIRCUITO ALMA LISA C/VALV EXHAL ADULTO;UNIDAD;EQUIPOS;MEDICOQUIRURGICOS
2117;CIRCUITO ALMA LISA C/VALV EXHAL PEDIATRICO;UNIDAD;EQUIPOS;MEDICOQUIRURGICOS
2540;CIRCUITO DE VENTILACION ADULTO LM-86-C259Y;UNIDAD;EQUIPOS;MEDICOQUIRURGICOS
2545;CIRCUITO DE VENTILACION INVASIVO REF 1069440 RESPIRONICS;UNIDAD;EQUIPOS;MEDICOQUIRURGICOS
2541;CIRCUITO DE VENTILACION PEDIATRICO C/B 1 LT 2006A KING SYSTE;UNIDAD;EQUIPOS;MEDICOQUIRURGICOS
2391;CIRCUITO RESPIRATORIO ALMA LISA PEDIATRICO;UNIDAD;EQUIPOS;MEDICOQUIRURGICOS
1263;CIRUDREN DE 1/4 = 500 ML EQUIPLAN;UNIDAD;GASAS;MEDICOQUIRURGICOS
1905;CIRUDREN DE 1/8 - 3.2 MM EQUIPLAN;UNIDAD;GASAS;MEDICOQUIRURGICOS
1264;CIRUDREN DE 3/16 - 4.8 MM EQUIPLAN;UNIDAD;GASAS;MEDICOQUIRURGICOS
2963;CITOCEPILLO BIOLIFE PAQ X 100 UN;PAQUETE;DESECHABLES;MEDICOQUIRURGICOS
1696;CITOCEPILLO ENDOCERVICAL PQ X 100 UN;UNIDAD;DESECHABLES;MEDICOQUIRURGICOS
2311;CLORHEXIDINA AL 4 % X 500 ML;FRASCO;SOLUCIONES;MEDICOQUIRURGICOS
2319;CLORURO DE POTASIO 2 MEQ/ML AMPOLLA;UNIDAD;SOLUCIONES;MEDICOQUIRURGICOS
1061;CLORURO DE SODIO 0.9% X 1000 ML;UNIDAD;SOLUCIONES;MEDICOQUIRURGICOS
1584;CLORURO DE SODIO AL 3% X 500 ML CORPAUL;UNIDAD;SOLUCIONES;MEDICOQUIRURGICOS
1001;CODO PLASTICO 22M-15F-15M;UNIDAD;DESECHABLES;MEDICOQUIRURGICOS
3773;COJIN GEL FRIO 36 CM X 18 CM;UNIDAD;EQUIPOS;MEDICOQUIRURGICOS
1540;COLECTOR EXT 29 MM BANDA ADHESIVA;UNIDAD;DESECHABLES;MEDICOQUIRURGICOS
1541;COLECTOR EXT 36 MM BANDA ADHESIVA;UNIDAD;DESECHABLES;MEDICOQUIRURGICOS
1766;COLECTOR URINARIO TIRA ADHESIVO DE 35 MM;UNIDAD;DESECHABLES;MEDICOQUIRURGICOS
2163;COLORANTE DE WRIGHT X 500 ML ALBOR;FRASCO;LIQUIDOS;MEDICOQUIRURGICOS
1107;COMPRESA 45 X 45 ESTERIL CON RADIOPACO;UNIDAD;GASAS;MEDICOQUIRURGICOS
1422;COMPRESA ESTERIL 45 X 45 CM PAQ X 5 CON RADIOPACO;UNIDAD;GASAS;MEDICOQUIRURGICOS
1110;COMPRESA ESTERIL 45 X 45 SOBRE X 1 ;SOBRE;GASAS;MEDICOQUIRURGICOS
2046;COMPRESA N/E 45 X 45 CON RADIOPACO;UNIDAD;GASAS;MEDICOQUIRURGICOS
2331;COMPRESA N/E 45 X 45 PAQ X 12 UN CON RADIOPACO SUPERTEX;PAQUETE;GASAS;MEDICOQUIRURGICOS
1744;COMPRESOR DE AIRE SECO;UNIDAD;EQUIPOS;MEDICOQUIRURGICOS
1739;COMPUTADOR TODO EN UNO HP TOUCH;UNIDAD;EQUIPOS;MEDICOQUIRURGICOS
2013;CONDUGEL X 240 CC;UNIDAD;LIQUIDOS;MEDICOQUIRURGICOS
1062;CONDUGEL X 3750 CC;GALON;LIQUIDOS;MEDICOQUIRURGICOS
1000;CONECTOR 22M - 22F CON MDI INTERSURGICAL;UNIDAD;EQUIPOS;MEDICOQUIRURGICOS
2349;CONECTOR DE OXIGENO CON PUERTO REF 1963 INTERSURGICAL;UNIDAD;EQUIPOS;MEDICOQUIRURGICOS
1613;CONJUNTO CHAQUETA CON CAPUCHA BROCHES PANTALON;UNIDAD;DESECHABLES;MEDICOQUIRURGICOS
1730;CONTRAANGULO;UNIDAD;EQUIPOS;MEDICOQUIRURGICOS
1496;CORPALON 4-0 CC 19;UNIDAD;SUTURAS;MEDICOQUIRURGICOS
1195;CORPALON 5-0 CC-19;UNIDAD;SUTURAS;MEDICOQUIRURGICOS
1659;CORPALON ETHILON NYLON 2.0 CC 30 X 70 CM;UNIDAD;SUTURAS;MEDICOQUIRURGICOS
1755;CREMA DENTAL 75 CC;UNIDAD;DESECHABLES;MEDICOQUIRURGICOS
1754;CREMA HUMECTANTE CORPORAL;UNIDAD;DESECHABLES;MEDICOQUIRURGICOS
1814;CRONOMETRO CASIO;UNIDAD;EQUIPOS;MEDICOQUIRURGICOS
2190;CUCHARA PLASTICA GRANDE PAQ X 100 UN;PAQUETE;DESECHABLES;MEDICOQUIRURGICOS
2194;CUCHARA PLASTICA MEDIANA PAQ X 100 UN;PAQUETE;DESECHABLES;MEDICOQUIRURGICOS
2219;CUCHILLA BISTURI Nº 10 PARAMOUNT;UNIDAD;DESECHABLES;MEDICOQUIRURGICOS
1064;CUCHILLA BISTURI Nº 11 ELITE;UNIDAD;DESECHABLES;MEDICOQUIRURGICOS
2290;CUCHILLA BISTURI Nº 11 MASTER MEDICAL;UNIDAD;DESECHABLES;MEDICOQUIRURGICOS
1951;CUCHILLA BISTURI Nº 11 PARAMOUNT;UNIDAD;DESECHABLES;MEDICOQUIRURGICOS
1953;CUCHILLA BISTURI Nº 15 ELITE;UNIDAD;DESECHABLES;MEDICOQUIRURGICOS
1063;CUCHILLA BISTURI Nº 15 MASTER MEDICAL;UNIDAD;DESECHABLES;MEDICOQUIRURGICOS
2317;CUCHILLA BISTURI Nº 15 PARAMOUNT;UNIDAD;DESECHABLES;MEDICOQUIRURGICOS
2093;CUCHILLA BISTURI Nº 20 ELITE;UNIDAD;DESECHABLES;MEDICOQUIRURGICOS
2354;CUCHILLA BISTURI Nº 20 PARAMOUNT;UNIDAD;DESECHABLES;MEDICOQUIRURGICOS
2220;CUCHILLA BISTURI Nº 21 ELITE;UNIDAD;DESECHABLES;MEDICOQUIRURGICOS
1687;CUCHILLA BISTURI Nº 21 PARAMOUNT;UNIDAD;DESECHABLES;MEDICOQUIRURGICOS
2221;CUCHILLA BISTURI Nº 22 PARAMOUNT;UNIDAD;DESECHABLES;MEDICOQUIRURGICOS
2694;CUCHILLA BISTURI Nº 24 PARAMOUNT;UNIDAD;DESECHABLES;MEDICOQUIRURGICOS
2264;CUCHILLA DE AFEITAR TODAS;UNIDAD;DESECHABLES;MEDICOQUIRURGICOS
2192;CUCHILLO DESECHABLE PAQ X 100 UN;PAQUETE;DESECHABLES;MEDICOQUIRURGICOS
2310;CUELLO CERVICAL AJUSTABLE ADULTO;UNIDAD;EQUIPOS;MEDICOQUIRURGICOS
2309;CUELLO CERVICAL AJUSTABLE NIÑO;UNIDAD;EQUIPOS;MEDICOQUIRURGICOS
1318;CUELLO CERVICAL PARA TRAQUEOSTOMIA;UNIDAD;EQUIPOS;MEDICOQUIRURGICOS
1317;CUELLO TIPO FILADELFIA T/M;UNIDAD;EQUIPOS;MEDICOQUIRURGICOS
1066;CURA REDONDA CJ X 100 UN CUREBAND;CAJA;ESPARADRAPOS;MEDICOQUIRURGICOS
1065;CURA STANDAR CUREBAND X 100 ;CAJA;ESPARADRAPOS;MEDICOQUIRURGICOS
1067;CURA STANDARD HANSAPLAST CAJA X 100;CAJA;ESPARADRAPOS;MEDICOQUIRURGICOS
2975;CURA STANDARD PIEL CAJA X 100 UN;CAJA;ESPARADRAPOS;MEDICOQUIRURGICOS
1966;CURAFIL REF 9251 1 OZ;UNIDAD;MEDICAMENTOS;MEDICOQUIRURGICOS
2195;CUTIMED GEL TUBO 25 GR B.S.N.;UNIDAD;MEDICAMENTOS;MEDICOQUIRURGICOS
1068;CYSTOFLO PARA BAJO VOLUMEN 500 ML;UNIDAD;EQUIPOS;MEDICOQUIRURGICOS
1069;CYSTOFLO X 2000 ML;UNIDAD;EQUIPOS;MEDICOQUIRURGICOS
1562;DELANTAL INDUSTRIAL PVC BLANCO CAL 25;UNIDAD;DESECHABLES;MEDICOQUIRURGICOS
1358;DESCANSA PIES DE MADERA ANTIDESLIZANTE;UNIDAD;EQUIPOS;MEDICOQUIRURGICOS
2408;DESFIBRILADOR DEA AUTOMATICO SCHILLER 1-58-9100;UNIDAD;EQUIPOS;MEDICOQUIRURGICOS
2804;DESFIBRILADOR EXTERNO SEMIAUTOMATICO DEA;UNIDAD;EQUIPOS;MEDICOQUIRURGICOS
1760;DESODORANTE SOLIDO DAMAS MENNEN;UNIDAD;DESECHABLES;MEDICOQUIRURGICOS
1759;DESODORANTE SOLIDO HOMBRES MENNEN;UNIDAD;DESECHABLES;MEDICOQUIRURGICOS
3819;DETECTOR DE HUMO PILA 9V;UNIDAD;EQUIPOS;MEDICOQUIRURGICOS
1070;DETERGINE GALON X 3750 CC ;UNIDAD;LIQUIDOS;MEDICOQUIRURGICOS
1339;DETERGINE X 1000 CC QUIRUMEDICAS;UNIDAD;LIQUIDOS;MEDICOQUIRURGICOS
3497;DEXAMETASONA 4 MG/1 ML AMPOLLA;UNIDAD;MEDICAMENTOS;MEDICOQUIRURGICOS
3498;DEXAMETASONA FOSFATO 8 MG/2 ML;UNIDAD;MEDICAMENTOS;MEDICOQUIRURGICOS
2062;DEXTROSA 5% X 250 ML CORPAUL;UNIDAD;LIQUIDOS;MEDICOQUIRURGICOS
1665;DEXTROSA 5% X 500 ML CORPAUL;UNIDAD;SOLUCIONES;MEDICOQUIRURGICOS
1072;DEXTROSA AL 10% EN AGUA X 500 ML;UNIDAD;SOLUCIONES;MEDICOQUIRURGICOS
1071;DEXTROSA AL 5% X 500 ML BAXTER;UNIDAD;SOLUCIONES;MEDICOQUIRURGICOS
3087;DICLOFENACO GEL 1% 50 GR;UNIDAD;MEDICAMENTOS;MEDICOQUIRURGICOS
3501;DICLOFENACO SODICO 75 MG ;UNIDAD;MEDICAMENTOS;MEDICOQUIRURGICOS
3499;DIPIRONA SODICA 1 GR/2 ML AMPOLLA;UNIDAD;MEDICAMENTOS;MEDICOQUIRURGICOS
2547;DISPENSADOR AGUA TIPO PEDESTAL;UNIDAD;EQUIPOS;MEDICOQUIRURGICOS
2054;"DISPENSADOR CON MANGO DE CINTA DE 2""";UNIDAD;EQUIPOS;MEDICOQUIRURGICOS
1623;DISPENSADOR MECANICO PARA PRESERVATIVOS;UNIDAD;EQUIPOS;MEDICOQUIRURGICOS
2676;DISPENSADOR METALICO CROMADO X 1.000 ML;UNIDAD;EQUIPOS;MEDICOQUIRURGICOS
2098;DISPOSITIVO INTRAUTERINO T DE COBRE ;UNIDAD;EQUIPOS;MEDICOQUIRURGICOS
1723;DOPPLER SONOTRAX BASIC 4;UNIDAD;EQUIPOS;MEDICOQUIRURGICOS
1605;DRAIN JACKSON PRATT 10 X 4;UNIDAD;EQUIPOS;MEDICOQUIRURGICOS
1545;DRENAJE I CAMARA BICAKCILAR;UNIDAD;EQUIPOS;MEDICOQUIRURGICOS
1074;"DRENES DE PENROSE 1"" MEDEX (PQ X 12)";UNIDAD;DESECHABLES;MEDICOQUIRURGICOS
1075;"DRENES DE PENROSE 1/2"" MEDEX (PQX 12)";UNIDAD;DESECHABLES;MEDICOQUIRURGICOS
1076;DRENES DE PENROSE 1/4 (PQ X 12);UNIDAD;DESECHABLES;MEDICOQUIRURGICOS
1077;DRENES DE PENROSE 3/4 MEDEX (PQ X 12);UNIDAD;DESECHABLES;MEDICOQUIRURGICOS
2033;DUODERM GEL HYDROACTIVE X 30 GRS CONVATEC;UNIDAD;MEDICAMENTOS;MEDICOQUIRURGICOS
2081;DUODERM PASTA 30 GRS CONVATEC;UNIDAD;MEDICAMENTOS;MEDICOQUIRURGICOS
1079;ELECTRODO ADULTO KENDALL;UNIDAD;DESECHABLES;MEDICOQUIRURGICOS
2170;ELECTRODO CON CONECTOR PARA DESFIBRILADOR REF F7956 SCHILLER;UNIDAD;EQUIPOS;MEDICOQUIRURGICOS
2382;ELECTRODO DE MONITOREO CON SOPORTE DE ESPUMA;UNIDAD;DESECHABLES;MEDICOQUIRURGICOS
1261;ELECTRODO PEDIATRICO KENDALL;UNIDAD;DESECHABLES;MEDICOQUIRURGICOS
1565;ENSOY PROTEINICO X 275 GR;UNIDAD;SOLUCIONES;MEDICOQUIRURGICOS
2243;ENTEROGERMINA 10 VIAL SUSP ORAL 5 ML;UNIDAD;MEDICAMENTOS;MEDICOQUIRURGICOS
2737;ENVASE PLASTICO 120 CC;UNIDAD;DESECHABLES;MEDICOQUIRURGICOS
2738;ENVASE PLASTICO 250 CC;UNIDAD;DESECHABLES;MEDICOQUIRURGICOS
2242;ENVASE PLASTICO 375 CC;UNIDAD;DESECHABLES;MEDICOQUIRURGICOS
2739;ENVASE PLASTICO 500 CC;UNIDAD;DESECHABLES;MEDICOQUIRURGICOS
2901;ENVASE PLASTICO DE 1.000 CC VALVULA DOSIFICADORA;UNIDAD;DESECHABLES;MEDICOQUIRURGICOS
2464;ENZIGER X 1.000 CC QUIRUMEDICAS;FRASCO;LIQUIDOS;MEDICOQUIRURGICOS
2412;ENZIGER X 3.750 CC QUIRUMEDICAS;GALON;LIQUIDOS;MEDICOQUIRURGICOS
2365;EQUIPO ADMON SANGRE C/AD REF 4C2160 FENWAL;UNIDAD;EQUIPOS;MEDICOQUIRURGICOS
1083;EQUIPO ADMON SOLUCION MICROGOTEO;UNIDAD;EQUIPOS;MEDICOQUIRURGICOS
1510;EQUIPO BOMBA C/VALVULA MRC 1007 SP BAXTER;UNIDAD;EQUIPOS;MEDICOQUIRURGICOS
1638;EQUIPO BOMBA DE INFUSION TERUMO;UNIDAD;EQUIPOS;MEDICOQUIRURGICOS
1526;EQUIPO BOMBA INFUSION ENTERAL FIX AIR REF: 702111 BRAUN;UNIDAD;EQUIPOS;MEDICOQUIRURGICOS
1780;EQUIPO BOMBA INFUSION E-PUM BAXTER 673662;UNIDAD;EQUIPOS;MEDICOQUIRURGICOS
1781;EQUIPO BOMBA INFUSION SP INFUSOMAT BRAUN;UNIDAD;EQUIPOS;MEDICOQUIRURGICOS
1822;EQUIPO BOMBA PATROL CON BOMBA REF: M224-B14;UNIDAD;EQUIPOS;MEDICOQUIRURGICOS
1720;EQUIPO DE ORGANOS Y SENTIDOS WELCH ALLYN 92871-BLK;UNIDAD;EQUIPOS;MEDICOQUIRURGICOS
1084;EQUIPO E PUMP C/B LAVADO Y BOLSA NUT REF 673662;UNIDAD;EQUIPOS;MEDICOQUIRURGICOS
1085;EQUIPO EN Y PARA IRRIGACION BAXTER;UNIDAD;EQUIPOS;MEDICOQUIRURGICOS
1089;EQUIPO EXTENSION PARA VENOCLISIS S/A RYMCO;UNIDAD;EQUIPOS;MEDICOQUIRURGICOS
1088;EQUIPO MACROGOTEO C/A G20 BAXTER;UNIDAD;EQUIPOS;MEDICOQUIRURGICOS
1086;"EQUIPO MACROGOTEO EN ""Y"" GLOBAL";UNIDAD;EQUIPOS;MEDICOQUIRURGICOS
1082;EQUIPO MACROGOTEO EN Y RYMCO;UNIDAD;EQUIPOS;MEDICOQUIRURGICOS
1081;EQUIPO MACROGOTEO MEDISPO 10G;UNIDAD;EQUIPOS;MEDICOQUIRURGICOS
1090;"EQUIPO MACROGOTEO S/A CON BULBO EN ""Y"" MASTER";UNIDAD;EQUIPOS;MEDICOQUIRURGICOS
1080;EQUIPO MACROGOTEO S/A ZIBOJET;UNIDAD;EQUIPOS;MEDICOQUIRURGICOS
2292;EQUIPO MICROGOTEO S/A CORPAUL;UNIDAD;EQUIPOS;MEDICOQUIRURGICOS
1737;EQUIPO PARA PARTOS;UNIDAD;EQUIPOS;MEDICOQUIRURGICOS
1281;EQUIPO PARA PRESION VENOSA CENTRAL B BRAUN;UNIDAD;EQUIPOS;MEDICOQUIRURGICOS
1735;EQUIPO PARA SUTURAS (2 PIEZAS);UNIDAD;EQUIPOS;MEDICOQUIRURGICOS
1091;EQUIPO PARA TRANSFUSION DE SANGRE S/A FENWAL;UNIDAD;EQUIPOS;MEDICOQUIRURGICOS
1724;ESCALA DE 2 PASOS PINTADA;UNIDAD;EQUIPOS;MEDICOQUIRURGICOS
1740;ESCRITORIO METALICO MEDIANO;UNIDAD;EQUIPOS;MEDICOQUIRURGICOS
1678;"ESPARADRAPO DE TELA 1"" X 1 YD BEGUT";ROLLO;ESPARADRAPOS;MEDICOQUIRURGICOS
2976;"ESPARADRAPO DE TELA 1"" X 5 YD ROLLO";ROLLO;ESPARADRAPOS;MEDICOQUIRURGICOS
2499;"ESPARADRAPO DE TELA 1/2"" X 5 YD INTECMA";ROLLO;ESPARADRAPOS;MEDICOQUIRURGICOS
1094;"ESPARADRAPO DE TELA 2"" X 5 YD KENNEDY ";ROLLO;ESPARADRAPOS;MEDICOQUIRURGICOS
1820;"ESPARADRAPO DE TELA 4"" X 5"" YD KENNEDY";ROLLO;ESPARADRAPOS;MEDICOQUIRURGICOS
1658;"ESPARADRAPO DE TELA CUREBAND 4"" TACO";UNIDAD;ESPARADRAPOS;MEDICOQUIRURGICOS
2322;"ESPARADRAPO DE TELA LEUKOPLAST 4"" B.S.N.";ROLLO;ESPARADRAPOS;MEDICOQUIRURGICOS
1679;"ESPARADRAPO DE TELA TACO HOSPIT DE 2"" CUREBAND";UNIDAD;ESPARADRAPOS;MEDICOQUIRURGICOS
2962;ESPATULA CITOLOGICA BIOLIFE PAQ X 100 UN;PAQUETE;LABORATORIO;MEDICOQUIRURGICOS
3745;ESPECULO OTOSCOPICO 2.75 MM WELCH ALLYN PAQ X 34 UN;PAQUETE;EQUIPOS;MEDICOQUIRURGICOS
3236;ESPECULO OTOSCOPICO 4.25 MM WELCH ALLYN PAQ X 34 UN;PAQUETE;EQUIPOS;MEDICOQUIRURGICOS
2604;ESPECULO VAGINAL DESECHABLE BIOLIFE T/M;UNIDAD;DESECHABLES;MEDICOQUIRURGICOS
1095;ESPECULO VAGINAL DESECHABLE CEPILAB;UNIDAD;DESECHABLES;MEDICOQUIRURGICOS
3222;ESPECULO VAGINAL DESECHABLE MONHEL;UNIDAD;DESECHABLES;MEDICOQUIRURGICOS
2012;ESPIROMETRO INCENTIVO RESPIRATORIO TRI FLOW HUDSON;UNIDAD;EQUIPOS;MEDICOQUIRURGICOS
1840;ESTIBA PLASTICA DE 100 CM X 120 CM X 15 CM DE ALTO;UNIDAD;DESECHABLES;MEDICOQUIRURGICOS
2339;"ESTOQUINETA 100% ALGODON DE 3""";UNIDAD;GASAS;MEDICOQUIRURGICOS
1092;EXTENSION ANESTESIA BAXTER;UNIDAD;EQUIPOS;MEDICOQUIRURGICOS
1087;EXTENSION DE ANESTESIA ADULTO 101 CM GLOBAL;UNIDAD;EQUIPOS;MEDICOQUIRURGICOS
3374;EXTENSION DE OXIGENO 15 MT BIOLIFE;UNIDAD;DESECHABLES;MEDICOQUIRURGICOS
1517;EXTENSION DE OXIGENO 2 MT BIOLIFE;UNIDAD;DESECHABLES;MEDICOQUIRURGICOS
1976;EXTENSION DE OXIGENO 7.5 MTS CON CONECTOR;UNIDAD;EQUIPOS;MEDICOQUIRURGICOS
2494;EXTENSION STANDAR 30.5 CM MIC-KEY P/ALIMENTACION;UNIDAD;EQUIPOS;MEDICOQUIRURGICOS
2967;EXTINTOR 10 LIBRAS CON BASE SOPORTE RIESGO ABC;UNIDAD;EQUIPOS;MEDICOQUIRURGICOS
1097;FENITOINA SODICA 250 MG X 1 AMPOLLA;UNIDAD;MEDICAMENTOS;MEDICOQUIRURGICOS
2403;FILTRO ALTA EFICIENCIA REF 7093-CB 3M;UNIDAD;EQUIPOS;MEDICOQUIRURGICOS
1132;FILTRO INTERCAMBIADOR DE HUMEDAD ADULTO INTERSURGICAL;UNIDAD;EQUIPOS;MEDICOQUIRURGICOS
2183;"FILTRO REPUESTO PARA OZONIZADOR POLYDEPTH 10""";UNIDAD;EQUIPOS;MEDICOQUIRURGICOS
2037;FIXODEMA STRETCH 10 X 10;ROLLO;ESPARADRAPOS;MEDICOQUIRURGICOS
1098;FIXOMULL STRETCH 10 CM X10 MT B.S.N;ROLLO;ESPARADRAPOS;MEDICOQUIRURGICOS
1099;FIXOMULL STRETCH 15 CM X 10 MT B.S.N;UNIDAD;ESPARADRAPOS;MEDICOQUIRURGICOS
1102;FIXOMULL STRETCH 5 CM X 10 MT B.S.N.;UNIDAD;ESPARADRAPOS;MEDICOQUIRURGICOS
3103;FLEXOMETRO PROFESIONAL DE 7.5 MT;UNIDAD;EQUIPOS;MEDICOQUIRURGICOS
2074;FLUJOMETRO PARA OXIGENO C/ADAPTADOR SUN MED;UNIDAD;EQUIPOS;MEDICOQUIRURGICOS
2857;FOLDERAMA 1.90 MT X 1.05 MT ;UNIDAD;EQUIPOS;MEDICOQUIRURGICOS
2119;FONENDOSCOPIO PEDIATRICO STARMED;UNIDAD;EQUIPOS;MEDICOQUIRURGICOS
1416;FONENDOSCOPIO PROFESIONAL LORD HS-30J;UNIDAD;EQUIPOS;MEDICOQUIRURGICOS
2496;FONENDOSCOPIO PROFESIONAL WELCH ALLYN 901039;UNIDAD;EQUIPOS;MEDICOQUIRURGICOS
3841;FORMOL 37% X 1.900 ML;BOTELLA;LABORATORIO;MEDICOQUIRURGICOS
3738;FORMOL 37% X 500 ML;FRASCO;LABORATORIO;MEDICOQUIRURGICOS
2239;FORMULA 55 X 3.785 C.C. AMONIO CUATERNARIO WEST;GALON;LIQUIDOS;MEDICOQUIRURGICOS
2501;FOTOFORO DE LUZ FRIA REF 46070 WELCH ALLYN;UNIDAD;EQUIPOS;MEDICOQUIRURGICOS
3048;FOTOFORO LUZ LED 49020 WELCH ALLYN I2;UNIDAD;EQUIPOS;MEDICOQUIRURGICOS
1435;FRASCO CITOQUIMICO ;UNIDAD;DESECHABLES;MEDICOQUIRURGICOS
2993;FRASCO CITOQUIMICO 80 ML;UNIDAD;DESECHABLES;MEDICOQUIRURGICOS
1436;FRASCO COPROLOGICO;UNIDAD;DESECHABLES;MEDICOQUIRURGICOS
3495;FUCIDIN TOPICO CREMA 2% X 15 GR;UNIDAD;MEDICAMENTOS;MEDICOQUIRURGICOS
3554;FUMIGADORA ROYAL CONDOR ALIADA 20 LT;UNIDAD;EQUIPOS;MEDICOQUIRURGICOS
1270;FURACIN POMADA FRC X 40 GR;UNIDAD;MEDICAMENTOS;MEDICOQUIRURGICOS
1103;GASA 100 YDS ;ROLLO;GASAS;MEDICOQUIRURGICOS
1106;GASA ESTERIL 3 X 3 SOBRE X 5 UN CUREBAND;SOBRE;GASAS;MEDICOQUIRURGICOS
1104;GASA ESTERIL 3 X 3 SOBRE X 5 UN GLOBAL;SOBRE;GASAS;MEDICOQUIRURGICOS
1109;GASA ESTERIL 3 X 3 SOBRE X 5 UN MEDICAL ;PAQUETE;GASAS;MEDICOQUIRURGICOS
1105;GASA ESTERIL 3 X 3 SOBRE X 5 UN ZIBOJECT;SOBRE;GASAS;MEDICOQUIRURGICOS
1519;GASA ESTERIL 4 X 4 SOBRE X 5 UN CURE BAND;PAQUETE;GASAS;MEDICOQUIRURGICOS
2405;GASA ESTERIL 4 X 4 SOBRE X 5 UN GLOBAL;SOBRE;GASAS;MEDICOQUIRURGICOS
2305;GASA ESTERIL 4 X 4 SOBRE X 5 UN SUPERTEX;SOBRE;GASAS;MEDICOQUIRURGICOS
2078;GASA N/E 3 X 3 GLOBAL PAQ X 200 UN;PAQUETE;GASAS;MEDICOQUIRURGICOS
1287;GASA N/E 3 X 3 MEDISPO PAQ X 200 UN;PAQUETE;GASAS;MEDICOQUIRURGICOS
1108;GASA N/E 3 X 3 SUPERTEX PAQ X 200 UN;PAQUETE;GASAS;MEDICOQUIRURGICOS
2052;GASA N/E 4 X 4 ELITE MEDICAL PAQ X 200 UN;PAQUETE;GASAS;MEDICOQUIRURGICOS
3648;GASA N/E 4 X 4 MEDICAL SUPPLIES PAQ X 200 UN;PAQUETE;GASAS;MEDICOQUIRURGICOS
2304;GASA N/E 4 X 4 SUPERTEX PAQ X 200 UN;PAQUETE;GASAS;MEDICOQUIRURGICOS
3316;"GASA NO TEJIDA 4"" X 4"" GLOBAL PAQ X 200 UN";PAQUETE;GASAS;MEDICOQUIRURGICOS
2562;GAVETERO CERRADO PLASTICO;UNIDAD;DESECHABLES;MEDICOQUIRURGICOS
3812;GEL CONDUCTIVO BIOGEL X 3.800 ML;GALON;LIQUIDOS;MEDICOQUIRURGICOS
1713;GEL NUPREP LIMPIADOR 4 ONZAS;FRASCO;DESECHABLES;MEDICOQUIRURGICOS
2070;GEL ULTRASONIDO BIOGEL X 1.000 CC;LITRO;LIQUIDOS;MEDICOQUIRURGICOS
3704;GEL ULTRASONIDO BIOGEL X 250 CC;UNIDAD;LIQUIDOS;MEDICOQUIRURGICOS
3832;GELIFICANTE X 60 GR HOLANDINA;FRASCO;LABORATORIO;MEDICOQUIRURGICOS
2598;GLUCOMETRO ADVOCATE BMB-EA001A;UNIDAD;EQUIPOS;MEDICOQUIRURGICOS
1668;GLUCOMETRO GLUCOQUICK TIRILLAS Y LANCETAS X 50 UN;KIT;EQUIPOS;MEDICOQUIRURGICOS
1860;GLUTAREX SOLUCION GALON 3M;GALON;LIQUIDOS;MEDICOQUIRURGICOS
1111;GORRO DESECHABLE REDONDO BLANCO;UNIDAD;DESECHABLES;MEDICOQUIRURGICOS
3248;GORRO TIPO MONJA EN MALLA;UNIDAD;DESECHABLES;MEDICOQUIRURGICOS
2241;GOTERO PLASTICO X 120 CC;UNIDAD;DESECHABLES;MEDICOQUIRURGICOS
2162;GRAPA PLASTICA NEGRA PAQ X 400 UN;PAQUETE;DESECHABLES;MEDICOQUIRURGICOS
2202;GUIA DE INTUBACION ENDOTRAQUEAL 6 FR REF 9-0204-11 SUN MED;UNIDAD;EQUIPOS;MEDICOQUIRURGICOS
2176;GUIA PARA ENTUBACION AD 14 FR COVIDIEN;UNIDAD;EQUIPOS;MEDICOQUIRURGICOS
2316;HEMOCULTIVO ADULTO MONOFASICO CAJA X 9 UN;CAJA;DESECHABLES;MEDICOQUIRURGICOS
3523;HIDROCORTISONA 100 MG AMP VITALIS;UNIDAD;MEDICAMENTOS;MEDICOQUIRURGICOS
3555;HIDROLAVADORA BLACK DECKER REF BW13-B3;UNIDAD;EQUIPOS;MEDICOQUIRURGICOS
2836;HIELO MINERAL X 460 GR;FRASCO;MEDICAMENTOS;MEDICOQUIRURGICOS
1844;HISOPO NASOFANRINGEO PUNTA DE NYLON;UNIDAD;DESECHABLES;MEDICOQUIRURGICOS
3697;HISTEROMETRO SIMS RIGIDO;UNIDAD;EQUIPOS;MEDICOQUIRURGICOS
1131;HUMIDIFICADOR 3 PSI ALTO VOLUMEN TAPA AZUL;UNIDAD;EQUIPOS;MEDICOQUIRURGICOS
1275;HUMIDIFICADOR DE OXIGENO TAPA VERDE HUMI-MED;UNIDAD;EQUIPOS;MEDICOQUIRURGICOS
1933;INCUBADORA DE TRANSPORTE PARA NEONATOS;UNIDAD;EQUIPOS;MEDICOQUIRURGICOS
2333;INDICADOR A VAPOR MVI X 240 TIRAS BROWNE;UNIDAD;LABORATORIO;MEDICOQUIRURGICOS
1607;INHALOCAMARA ADULTO RESPIRANDO MEJOR;UNIDAD;EQUIPOS;MEDICOQUIRURGICOS
2040;INHALOCAMARA NEONATAL CON MASCARA;UNIDAD;EQUIPOS;MEDICOQUIRURGICOS
1995;INHALOCAMARA PARA TRAQUEOSTOMIA AEROTRACH PLUS;UNIDAD;EQUIPOS;MEDICOQUIRURGICOS
1994;INHALOCAMARA PEDIATRICA RESPIRANDO MEJOR;UNIDAD;EQUIPOS;MEDICOQUIRURGICOS
1133;INSPIROMETRO DE INCENTIVOS CARDINAL HEALT;UNIDAD;EQUIPOS;MEDICOQUIRURGICOS
1616;INSPIROMETRO DE INCENTIVOS R.M.;UNIDAD;EQUIPOS;MEDICOQUIRURGICOS
1134;INY DE LACTATO DE RINGER X 1000 ML;UNIDAD;SOLUCIONES;MEDICOQUIRURGICOS
1432;IODIGER ESPUMA X 120 ML QUIRUMEDICAS;UNIDAD;LIQUIDOS;MEDICOQUIRURGICOS
1440;IODIGER ESPUMA X 60 ML;FRASCO;LIQUIDOS;MEDICOQUIRURGICOS
1401;IODIGER SOLUCION X 120 CC;UNIDAD;LIQUIDOS;MEDICOQUIRURGICOS
2419;IODIGER SOLUCION X 30 ML;FRASCO;LIQUIDOS;MEDICOQUIRURGICOS
2662;IODIGER SOLUCION X 500 CC;FRASCO;LIQUIDOS;MEDICOQUIRURGICOS
1439;IODIGER SOLUCION X 60 ML;FRASCO;LIQUIDOS;MEDICOQUIRURGICOS
1136;IOFOAM JABON QUIRURGICO X  3.785 CC;GALON;LIQUIDOS;MEDICOQUIRURGICOS
1533;IOFOAM JABON QUIRURGICO X 120 CC;UNIDAD;LIQUIDOS;MEDICOQUIRURGICOS
1535;IOPOVISOL SOLUCION TOPICA X 120 CC;UNIDAD;LIQUIDOS;MEDICOQUIRURGICOS
1534;IOPOVISOL SOLUCION TOPICA X 60 CC;UNIDAD;LIQUIDOS;MEDICOQUIRURGICOS
1532;ISODINE SOLUCION X 60 CC;UNIDAD;LIQUIDOS;MEDICOQUIRURGICOS
1020;JABON ANTIBACTERIAL CLORHEXIDINA AL 4%  X 500 ML ;BOTELLA;LIQUIDOS;MEDICOQUIRURGICOS
1777;JABON ANTISEPTICO CLORHEXIDINA AL 4% X 60 ML;FRASCO;LIQUIDOS;MEDICOQUIRURGICOS
1783;JABON MULTIENZIMATICO BONZYME X GALON;GALON;LIQUIDOS;MEDICOQUIRURGICOS
1559;JERINGA 1 ML 3P C/A 25 X 5/8 TUBERCULINA ALFA SAFE CJ X 100 UN ;CAJA;JERINGAS;MEDICOQUIRURGICOS
1147;JERINGA 1 ML 3P C/A 27 X 0.5 PRECISION;UNIDAD;JERINGAS;MEDICOQUIRURGICOS
1143;JERINGA 1 ML 3P C/A 27 X 0.5 RYMCO;UNIDAD;JERINGAS;MEDICOQUIRURGICOS
1141;JERINGA 1 ML 3P C/A 29 X 0.5 INSULINA ALFA SAFE;UNIDAD;JERINGAS;MEDICOQUIRURGICOS
1153;"JERINGA 1 ML C/A 27G X 1.5"" MEDISPO ";UNIDAD;JERINGAS;MEDICOQUIRURGICOS
1149;JERINGA 10 ML 3P C/A 21 X 1.5 ALFASAFE;UNIDAD;JERINGAS;MEDICOQUIRURGICOS
1144;JERINGA 10 ML 3P C/A 21 X 1.5 MEDISPO;UNIDAD;JERINGAS;MEDICOQUIRURGICOS
1155;JERINGA 10 ML 3P C/A 21 X 1.5 NIPRO;UNIDAD;JERINGAS;MEDICOQUIRURGICOS
1148;JERINGA 10 ML 3P C/A LUER LOCK RYMCO;UNIDAD;JERINGAS;MEDICOQUIRURGICOS
2015;JERINGA 10 ML 3P S/A NUBENCO;UNIDAD;JERINGAS;MEDICOQUIRURGICOS
1138;JERINGA 2 ML 23 X 1 PRECISION;UNIDAD;JERINGAS;MEDICOQUIRURGICOS
2289;JERINGA 2 ML 3P C/A 21 X 1.5 PRECISION;UNIDAD;JERINGAS;MEDICOQUIRURGICOS
1150;JERINGA 2 ML 3P C/A 23 X 1 DISPOCOL;UNIDAD;JERINGAS;MEDICOQUIRURGICOS
1146;JERINGA 2 ML 3P C/A 23 X 1.0 RYMCO LUER SLIP;UNIDAD;JERINGAS;MEDICOQUIRURGICOS
1560;JERINGA 20 ML 3P C/A 21 X 1.5 MEDISPO;UNIDAD;JERINGAS;MEDICOQUIRURGICOS
1677;JERINGA 20 ML 3P C/A 21 X 1.5 RYMCO;UNIDAD;JERINGAS;MEDICOQUIRURGICOS
1151;JERINGA 3 ML 2P C/A 23 X 1.0;UNIDAD;JERINGAS;MEDICOQUIRURGICOS
1154;JERINGA 3 ML 3P C/A 21 X 1.5 MEDISPO;UNIDAD;JERINGAS;MEDICOQUIRURGICOS
1140;JERINGA 3 ML 3P C/A 21 X 1.5 NIPRO;UNIDAD;JERINGAS;MEDICOQUIRURGICOS
1156;JERINGA 3 ML 3P C/A 21 X 1.5 PRECISION;UNIDAD;JERINGAS;MEDICOQUIRURGICOS
1152;JERINGA 3 ML 3P C/A 21 X 1.5 RYMCO;UNIDAD;JERINGAS;MEDICOQUIRURGICOS
1158;JERINGA 3 ML 3P C/A 23 X 1 MEDISPO;UNIDAD;JERINGAS;MEDICOQUIRURGICOS
1157;JERINGA 5 ML 3P C/A 21 X 1.5 MEDISPO;UNIDAD;JERINGAS;MEDICOQUIRURGICOS
1010;JERINGA 5 ML 3P C/A 21 X 1.5 NIPRO;UNIDAD;JERINGAS;MEDICOQUIRURGICOS
1142;JERINGA 5 ML 3P C/A 21 X 1.5 RYMCO;UNIDAD;JERINGAS;MEDICOQUIRURGICOS
2288;JERINGA 50 ML 3P C/A 21 X 1.5 MEDISPO;UNIDAD;JERINGAS;MEDICOQUIRURGICOS
1145;JERINGA 50 ML 3P C/A 21 X 1.5 PRECISION;UNIDAD;JERINGAS;MEDICOQUIRURGICOS
1577;JERINGA 50 ML 3P S/A NIPRO;UNIDAD;JERINGAS;MEDICOQUIRURGICOS
1139;JERINGA 50 ML 3P S/A RYMCO;UNIDAD;JERINGAS;MEDICOQUIRURGICOS
2232;JERINGA 60 ML 3P LUER LOCK B.D.;UNIDAD;JERINGAS;MEDICOQUIRURGICOS
1561;JERINGA 60 ML 3P PUNTA CATETER B.D.;UNIDAD;JERINGAS;MEDICOQUIRURGICOS
2270;JERINGA 60 ML 3P PUNTA CATETER NUBENCO;UNIDAD;JERINGAS;MEDICOQUIRURGICOS
1697;JERINGA GASES ADULTO Y PEDIATRICA B.D.;UNIDAD;JERINGAS;MEDICOQUIRURGICOS
1604;J-PRATT SILICONE RESERVOIRS 100 CC;UNIDAD;EQUIPOS;MEDICOQUIRURGICOS
3766;KENACORT 10 MG;UNIDAD;MEDICAMENTOS;MEDICOQUIRURGICOS
2285;KETOPROFENO 100 MG X 2 ML AMP;UNIDAD;MEDICAMENTOS;MEDICOQUIRURGICOS
1159;KIT CONEXION Y DESCONEXION CATETER;UNIDAD;DESECHABLES;MEDICOQUIRURGICOS
1390;KIT ELEMENTOS DE BIOSEGURIDAD;PAQUETE;DESECHABLES;MEDICOQUIRURGICOS
2284;KIT ESTETICA EN SMS TOP TANGA ESTRAPLERA;UNIDAD;DESECHABLES;MEDICOQUIRURGICOS
2563;KIT GASTROSTOMIA 12 FR 1.2 CM MICKEY KIMBERLY;UNIDAD;EQUIPOS;MEDICOQUIRURGICOS
2132;KIT GASTROSTOMIA Nº 18 KENDALL REF 718200;UNIDAD;EQUIPOS;MEDICOQUIRURGICOS
2531;KIT GASTROSTOMIA QUIRURGICA 12 FR 1.5 CM MICKEY KIMBERLY;UNIDAD;EQUIPOS;MEDICOQUIRURGICOS
2407;KIT GASTROSTOMIA QUIRURGICA 14 FR 1.0 CM MICKEY KIMBERLY;UNIDAD;EQUIPOS;MEDICOQUIRURGICOS
2398;KIT GASTROSTOMIA QUIRURGICA 14 FR 1.2 CM MICKEY KIMBERLY;UNIDAD;EQUIPOS;MEDICOQUIRURGICOS
2184;KIT GASTROSTOMIA QUIRURGICA 14 FR 1.5 CM MICKEY KIMBERLY;UNIDAD;EQUIPOS;MEDICOQUIRURGICOS
1342;KIT GASTROSTOMIA QUIRURGICA 14 FR 1.7 CM MICKEY KIMBERLY;UNIDAD;EQUIPOS;MEDICOQUIRURGICOS
2519;KIT GASTROSTOMIA QUIRURGICA 14 FR 2.0 CM MICKEY KIMBERLY;UNIDAD;EQUIPOS;MEDICOQUIRURGICOS
2189;KIT GASTROSTOMIA QUIRURGICA 14 FR 2.5 CM MICKEY KIMBERLY;UNIDAD;EQUIPOS;MEDICOQUIRURGICOS
2230;KIT GASTROSTOMIA QUIRURGICA 16 FR 1.5 CM MICKEY KIMBERLY;UNIDAD;EQUIPOS;MEDICOQUIRURGICOS
2539;KIT GASTROSTOMIA QUIRURGICA 16 FR 1.7 CM MICKEY KIMBERLY;UNIDAD;EQUIPOS;MEDICOQUIRURGICOS
2521;KIT GASTROSTOMIA QUIRURGICA 16 FR 2.5 CM MICKEY KIMBERLY;UNIDAD;EQUIPOS;MEDICOQUIRURGICOS
2422;KIT GASTROSTOMIA QUIRURGICA 18 FR 1.5 CM MICKEY KIMBERLY;UNIDAD;EQUIPOS;MEDICOQUIRURGICOS
2520;KIT GASTROSTOMIA QUIRURGICA 20 FR 1.0 CM MICKEY KIMBERLY;UNIDAD;EQUIPOS;MEDICOQUIRURGICOS
2231;KIT GASTROSTOMIA QUIRURGICA 20 FR 1.5 CM MICKEY KIMBERLY;UNIDAD;EQUIPOS;MEDICOQUIRURGICOS
2234;KIT GASTROSTOMIA QUIRURGICA 20 FR 1.7 CM MICKEY KIMBERLY;UNIDAD;EQUIPOS;MEDICOQUIRURGICOS
2193;KIT GASTROSTOMIA QUIRURGICA 20 FR 2.5 CM MICKEY KIMBERLY;UNIDAD;EQUIPOS;MEDICOQUIRURGICOS
2537;KIT GASTROSTOMIA QUIRURGICA 20 FR 3.0 CM MICKEY KIMBERLY;UNIDAD;EQUIPOS;MEDICOQUIRURGICOS
3419;"KIT OZONIZADOR CARCASA 10"" FILTRO CARBON ACTIVADO";KIT;EQUIPOS;MEDICOQUIRURGICOS
1272;KIT VENTURY ADULTO 6 DISYUNTORES;UNIDAD;EQUIPOS;MEDICOQUIRURGICOS
1273;KIT VENTURY PEDIATRICO 6 DISYUNTORES;UNIDAD;EQUIPOS;MEDICOQUIRURGICOS
1135;LACTATO DE RINGER HARTMAN X 250 ML;UNIDAD;SOLUCIONES;MEDICOQUIRURGICOS
2974;LAGRIMAS ARTIFICIALES SOLUCION OFTALMICA;UNIDAD;MEDICAMENTOS;MEDICOQUIRURGICOS
2892;LAMINA CUBRE OBJETOS 22 X 22 MM CAJA X 100 UN KNITELL;CAJA;LABORATORIO;MEDICOQUIRURGICOS
3353;LAMINA CUBRE OBJETOS 24 X 60 MM CAJA X 100 UN;CAJA;LABORATORIO;MEDICOQUIRURGICOS
1698;LAMINA PORTA OBJETOS 3 X 1 CJ X 50 UN;UNIDAD;DESECHABLES;MEDICOQUIRURGICOS
3352;LAMINA PORTA OBJETOS ESMERILADA CAJA X 50 UN REF 7105;CAJA;LABORATORIO;MEDICOQUIRURGICOS
3351;LAMINA PORTA OBJETOS SIN ESMERILAR CAJA X 50 UN REF 7102;CAJA;LABORATORIO;MEDICOQUIRURGICOS
1743;LAMPARA CIELITICA PARA CX MOD TRILITE LED;UNIDAD;EQUIPOS;MEDICOQUIRURGICOS
1721;LAMPARA DE FOTOCURADO;UNIDAD;EQUIPOS;MEDICOQUIRURGICOS
1420;LANCETAS CLASSIC ULTILET CJ X 100;CAJA;JERINGAS;MEDICOQUIRURGICOS
1284;LANCETAS GLUCOQUICK X 50 UN;CAJA;JERINGAS;MEDICOQUIRURGICOS
1515;LANCETAS ULTRAFINE B.D. REF: 325773 CJ X 100 UN;CAJA;JERINGAS;MEDICOQUIRURGICOS
1161;LAPIZ ELECTROBISTURI DESECHABLE VALLEYLAB;UNIDAD;EQUIPOS;MEDICOQUIRURGICOS
1327;LAPIZ ELECTROBISTURI LIFE CARE;UNIDAD;EQUIPOS;MEDICOQUIRURGICOS
1162;"LEUKOPLAST SEDA TACO 2""";UNIDAD;ESPARADRAPOS;MEDICOQUIRURGICOS
1166;"LEUKOPOR BLANCO 1"" X 10 YDS TACO B.S.N. ";UNIDAD;ESPARADRAPOS;MEDICOQUIRURGICOS
1165;LEUKOPOR BLANCO 1/2 X 10 YDS TACO B.S.N.;UNIDAD;ESPARADRAPOS;MEDICOQUIRURGICOS
1163;LEUKOPOR PIEL 1 X 5 YDS PZA;UNIDAD;ESPARADRAPOS;MEDICOQUIRURGICOS
1164;LEUKOPOR PIEL 1 X 5 YDS TARJETA;UNIDAD;ESPARADRAPOS;MEDICOQUIRURGICOS
1167;"LEUKOPOR PIEL 1"" X 10 YDS B.S.N. TACO X 12 UN";UNIDAD;ESPARADRAPOS;MEDICOQUIRURGICOS
1262;LIGACLIP EXTRACLIPS TITANIO LT/300 X 6 CLIPS;UNIDAD;DESECHABLES;MEDICOQUIRURGICOS
2636;LINEA CO2 EDAN ROSCA RESPIRONIC;UNIDAD;EQUIPOS;MEDICOQUIRURGICOS
1168;LINER FLEX 1500 CC TAPA AZUL;UNIDAD;EQUIPOS;MEDICOQUIRURGICOS
2019;LINER SEMI RIGIDO X 1000 CC;UNIDAD;EQUIPOS;MEDICOQUIRURGICOS
2497;LINIMENTO DEPORTIVO SPRAY X 120 ML;FRASCO;MEDICAMENTOS;MEDICOQUIRURGICOS
1764;LINTERNA DE MANO METALICA;UNIDAD;EQUIPOS;MEDICOQUIRURGICOS
2279;LINTERNA PARA BOTIQUIN LUZ LED;UNIDAD;EQUIPOS;MEDICOQUIRURGICOS
2536;LLAVE DE 3 VIAS BIOPLAST;UNIDAD;EQUIPOS;MEDICOQUIRURGICOS
1511;LLAVE DE 3 VIAS LIFE CARE;UNIDAD;EQUIPOS;MEDICOQUIRURGICOS
2487;LLAVE TRES VIAS;UNIDAD;DESECHABLES;MEDICOQUIRURGICOS
1680;MACERADOR CON PISTILO DE 7 CMS EN CERAMICA;UNIDAD;DESECHABLES;MEDICOQUIRURGICOS
2370;MANGAS DE CARNAZA PARA SOLDADOR;UNIDAD;EQUIPOS;MEDICOQUIRURGICOS
2893;MANGO BISTURI Nº 4 SUPERDENT;UNIDAD;EQUIPOS;MEDICOQUIRURGICOS
2022;MANGUERA CORRUGADA CJ X 30 MTS;CAJA;EQUIPOS;MEDICOQUIRURGICOS
1585;MANITOL 20% X 500 ML CORPAUL;UNIDAD;SOLUCIONES;MEDICOQUIRURGICOS
3458;"MANTA TERMICA PARA EMERGENCIA 64"" X 84""";UNIDAD;DESECHABLES;MEDICOQUIRURGICOS
1757;MAQUINA DE AFEITAR DESECHABLE;UNIDAD;DESECHABLES;MEDICOQUIRURGICOS
1639;MARTILLO DE REFLEJOS CROMADO;UNIDAD;EQUIPOS;MEDICOQUIRURGICOS
1801;MASAJEADOR ELECTRICO;UNIDAD;EQUIPOS;MEDICOQUIRURGICOS
1123;MASCARA AMBU ADULTO RESUCITACION HUDSON REF:1281;UNIDAD;EQUIPOS;MEDICOQUIRURGICOS
1464;MASCARA AMBU NEONATAL RESUCITADOR GOLDEN CARE;UNIDAD;EQUIPOS;MEDICOQUIRURGICOS
1170;MASCARA DE OXIGENO ADULTO REF:1201;UNIDAD;EQUIPOS;MEDICOQUIRURGICOS
1171;MASCARA DE OXIGENO PEDIATRICA MEDEX;UNIDAD;EQUIPOS;MEDICOQUIRURGICOS
1805;MASCARA LARINGEA DESECHABLE Nº 1 PEDIATRICA;UNIDAD;EQUIPOS;MEDICOQUIRURGICOS
1486;MASCARA LARINGEA DESECHABLE Nº 4 ADULTO;UNIDAD;EQUIPOS;MEDICOQUIRURGICOS
1169;MASCARA NO REINHALACION ADULTO GLOBAL;UNIDAD;EQUIPOS;MEDICOQUIRURGICOS
1488;MASCARA RESCATE RCP;UNIDAD;EQUIPOS;MEDICOQUIRURGICOS
1663;MASCARA TRAQUEOSTOMIA ADULTO CARDINAL AIR LIFE;UNIDAD;EQUIPOS;MEDICOQUIRURGICOS
1525;MASCARA TRAQUEOSTOMIA ADULTO HUDSON 1075;UNIDAD;EQUIPOS;MEDICOQUIRURGICOS
1574;MASCARA TRAQUEOSTOMIA PEDIATRICA LMI;UNIDAD;EQUIPOS;MEDICOQUIRURGICOS
2295;MASCARILLA N95 NITTA;UNIDAD;DESECHABLES;MEDICOQUIRURGICOS
1941;MESA ELECTRICA PARA CIRUGIA ACCESORIOS P/PARTOS;UNIDAD;EQUIPOS;MEDICOQUIRURGICOS
1935;MESA PARA CIRUGIA C/ACCESORIOS BASICOS;UNIDAD;EQUIPOS;MEDICOQUIRURGICOS
1846;MESA PLEGABLE DE 1.20 MT;UNIDAD;EQUIPOS;MEDICOQUIRURGICOS
3504;METOCLOPRAMIDA 10 MG/2 ML AMPOLLA;UNIDAD;MEDICAMENTOS;MEDICOQUIRURGICOS
1722;MICROMOTOR;UNIDAD;EQUIPOS;MEDICOQUIRURGICOS
1175;MICRONEBULIZADOR ADULTO BIOLIFE;UNIDAD;EQUIPOS;MEDICOQUIRURGICOS
1176;MICRONEBULIZADOR PEDIATRICO BIOLIFE;UNIDAD;EQUIPOS;MEDICOQUIRURGICOS
1575;MICRONEBULIZADOR PEDIATRICO MASCARA PLUS VITAL KIT;UNIDAD;EQUIPOS;MEDICOQUIRURGICOS
1307;"MICROPORE BLANCO 1"" X 10 YDS 3M CJ X 12 UN";CAJA;ESPARADRAPOS;MEDICOQUIRURGICOS
1670;"MICROPORE BLANCO 1"" X 10 YDS CJ X 12 UN GLOBAL";CAJA;ESPARADRAPOS;MEDICOQUIRURGICOS
1490;"MICROPORE BLANCO 1/2"" X 10 YDS CJ X 24 UN GLOBAL";CAJA;ESPARADRAPOS;MEDICOQUIRURGICOS
3522;"MICROPORE BLANCO 1/2"" X 10 YDS PROLATEX ROLLO";ROLLO;ESPARADRAPOS;MEDICOQUIRURGICOS
1902;"MICROPORE BLANCO 2"" X 10 YD CUREBAND";ROLLO;ESPARADRAPOS;MEDICOQUIRURGICOS
1177;"MICROPORE BLANCO 2"" X 10 YDS 3M CJ X 6 UN ";CAJA;ESPARADRAPOS;MEDICOQUIRURGICOS
1507;"MICROPORE BLANCO 2"" X 10 YDS GLOBAL CJ X 6";CAJA;ESPARADRAPOS;MEDICOQUIRURGICOS
1093;"MICROPORE PIEL 1"" X 10 YD CUREBAND ROLLO";ROLLO;ESPARADRAPOS;MEDICOQUIRURGICOS
1483;"MICROPORE PIEL 1"" X 10 YDS 3M CJ X 12 UN";CAJA;ESPARADRAPOS;MEDICOQUIRURGICOS
1491;"MICROPORE PIEL 1"" X 10 YDS CUREBAND CJ X 12 UN";CAJA;ESPARADRAPOS;MEDICOQUIRURGICOS
1306;"MICROPORE PIEL 1/2"" X 10 YD CUREBAND ROLLO";ROLLO;ESPARADRAPOS;MEDICOQUIRURGICOS
2395;"MICROPORE PIEL 1/2"" X 10 YDS CJ X 24 UN CUREBAND";CAJA;ESPARADRAPOS;MEDICOQUIRURGICOS
1669;"MICROPORE PIEL 1/2"" X 10 YDS CJ X 24 UN GLOBAL";CAJA;ESPARADRAPOS;MEDICOQUIRURGICOS
1671;"MICROPORE PIEL 2"" X 10 YDS CJ X 6 UN GLOBAL";CAJA;ESPARADRAPOS;MEDICOQUIRURGICOS
1314;"MICROPORE PIEL 2"" X 10 YDS ROLLO";UNIDAD;ESPARADRAPOS;MEDICOQUIRURGICOS
2485;MONITOR DE PRESION ARTERIAL AUTOMATICO HEM-7130 MPA;UNIDAD;EQUIPOS;MEDICOQUIRURGICOS
1728;MONITOR FETAL;UNIDAD;EQUIPOS;MEDICOQUIRURGICOS
1809;MONITOR MULTIPARAMETROS TRIO INVASIVO;UNIDAD;EQUIPOS;MEDICOQUIRURGICOS
1528;MONOCRYL 4/0 PS2 45 CM REF: MCP496G;UNIDAD;SUTURAS;MEDICOQUIRURGICOS
2809;MOUSE INALAMBRICO GENIUS KB-8000X;UNIDAD;EQUIPOS;MEDICOQUIRURGICOS
2827;MOUSE OPTICO USB;UNIDAD;EQUIPOS;MEDICOQUIRURGICOS
2956;MOUSE OPTICO USB KAMYL;UNIDAD;EQUIPOS;MEDICOQUIRURGICOS
1357;MULETA CANADIENSE REF: BMC1010102;PAR;EQUIPOS;MEDICOQUIRURGICOS
2244;MYDRIACYL SOLUCION OFTALMICA 1% TROPICAMIDA X 15 ML;UNIDAD;MEDICAMENTOS;MEDICOQUIRURGICOS
1746;NEBULIZADOR PORTATIL THOMAS 1121;UNIDAD;EQUIPOS;MEDICOQUIRURGICOS
1178;NEBULIZADOR TIPO JET CON VENTURY;UNIDAD;EQUIPOS;MEDICOQUIRURGICOS
1727;NEGATOSCOPIO METALICO DE 1 CUERPO;UNIDAD;EQUIPOS;MEDICOQUIRURGICOS
3847;NEUROBION TIAMINA + PIROXIDINA X 30 TABLETAS;CAJA;MEDICAMENTOS;MEDICOQUIRURGICOS
1808;NEUTRODERM SPRAY X 500 CC AQUILABS;UNIDAD;LIQUIDOS;MEDICOQUIRURGICOS
1583;NEVERA PORTATIL PARA MEDICAMENTOS;UNIDAD;DESECHABLES;MEDICOQUIRURGICOS
2056;NIPLE PLASTICO CON TUERCA REF: 2555;UNIDAD;EQUIPOS;MEDICOQUIRURGICOS
1564;NUTREN JUNIOR X 400 GR;UNIDAD;SOLUCIONES;MEDICOQUIRURGICOS
1689;OMNIFIX ELASTIC 15 CM X 10 MT;ROLLO;ESPARADRAPOS;MEDICOQUIRURGICOS
1308;OPTICLUDE ADULTO 3M CAJA X 20;CAJA;DESECHABLES;MEDICOQUIRURGICOS
2561;ORGANIZADOR MODULAR PLASTICO;UNIDAD;DESECHABLES;MEDICOQUIRURGICOS
1291;ORINAL PARA CABALLERO;UNIDAD;DESECHABLES;MEDICOQUIRURGICOS
1712;OSMOLITE HN PLUS LATA X 8 ONZ;UNIDAD;LIQUIDOS;MEDICOQUIRURGICOS
3871;OXIMETAZOLINA 0.05% SOLUC NASAL 15 ML;UNIDAD;MEDICAMENTOS;MEDICOQUIRURGICOS
2768;OXIMETRO ADULTO OXY WATCH;UNIDAD;EQUIPOS;MEDICOQUIRURGICOS
3774;OXIMETRO GMD ADULTO REF 500E;UNIDAD;EQUIPOS;MEDICOQUIRURGICOS
1930;"OZONIZADOR PLANTA PURIFICADORA EN ACERO INOX 10""";UNIDAD;EQUIPOS;MEDICOQUIRURGICOS
1745;PALETA PARE-SIGA;UNIDAD;EQUIPOS;MEDICOQUIRURGICOS
1836;PANTALON DESECHABLE BLANCO O AZUL EN SMS;UNIDAD;DESECHABLES;MEDICOQUIRURGICOS
1482;PAÑAL TENA MUJER MINI;UNIDAD;DESECHABLES;MEDICOQUIRURGICOS
1404;PAÑAL TENA SLIP TALLA L;UNIDAD;DESECHABLES;MEDICOQUIRURGICOS
1403;PAÑAL TENA SLIP TALLA M;UNIDAD;DESECHABLES;MEDICOQUIRURGICOS
1179;PAÑIN PLUS CLORHEXIDINA 2% ISOPROPILICO 70%;UNIDAD;DESECHABLES;MEDICOQUIRURGICOS
1180;PAÑIN TOALLA ANTISEPTICA CJ X 300 UN PROASEPSIS;CAJA;DESECHABLES;MEDICOQUIRURGICOS
2855;PAPEL CREPADO 50 CM X 100 MT;ROLLO;DESECHABLES;MEDICOQUIRURGICOS
1326;PAPEL DESFIBRILADOR 90 MM X 90 MM X 200;PAQUETE;DESECHABLES;MEDICOQUIRURGICOS
3348;PAPEL FILTRO CUALITATIVO DIA 12.5 CM CAJA X 100 UN BOECO;CAJA;LABORATORIO;MEDICOQUIRURGICOS
2505;PAPEL INDICADOR PH 1-14 UNIVERSAL;ROLLO;DESECHABLES;MEDICOQUIRURGICOS
1992;PAPEL P/MONITOR GENERAL MEDITECH 112 MM X 100 MM X 200 HJ;PAQUETE;DESECHABLES;MEDICOQUIRURGICOS
1996;PAPEL P/MONITOR SONICAID112 MM X 100MM ;PAQUETE;DESECHABLES;MEDICOQUIRURGICOS
2307;PAPEL PARA DESFIBRILADOR MINDRAY 50 X 20;ROLLO;DESECHABLES;MEDICOQUIRURGICOS
1340;PAPEL PARA EKG 50 MM X 20 MT;ROLLO;DESECHABLES;MEDICOQUIRURGICOS
1183;PAPEL PARA EKG 50 MM X 30 MT;ROLLO;DESECHABLES;MEDICOQUIRURGICOS
3655;PAPEL PARA EKG 80 MM X 20 MT;ROLLO;DESECHABLES;MEDICOQUIRURGICOS
1471;PAPEL PARA EKG EDAN SE-12 X RESMA;TACO;DESECHABLES;MEDICOQUIRURGICOS
1057;PAPEL PARA EKG EDAN SE-12 X ROLLO;UNIDAD;DESECHABLES;MEDICOQUIRURGICOS
2302;PAPEL PARA EKG EDAN SE-6 X RESMA;PAQUETE;DESECHABLES;MEDICOQUIRURGICOS
2693;PAPEL PARA EKG EDAN SE-601 X RESMA;RESMA;DESECHABLES;MEDICOQUIRURGICOS
3152;PAPEL SONY UPP-110S ESTANDAR ROLLO X 110 MM X 20 MT;ROLLO;DESECHABLES;MEDICOQUIRURGICOS
2806;PAQUETE DE 7 RCP PROMPT NASCO LF06700U;KIT;EQUIPOS;MEDICOQUIRURGICOS
3849;PARTIDOR DE PASTILLAS;UNIDAD;EQUIPOS;MEDICOQUIRURGICOS
2358;PASAMANOS DISCAPACITADOS EN ACERO INOXIDABLE;UNIDAD;EQUIPOS;MEDICOQUIRURGICOS
2174;PASTA CONDUCTORA TEN-20 8 ONZ;UNIDAD;DESECHABLES;MEDICOQUIRURGICOS
1842;PASTA STOMAHESIVE TUBO CONVATEC;UNIDAD;SOLUCIONES;MEDICOQUIRURGICOS
1375;PATO COPROLOGICO PLASTICO;UNIDAD;DESECHABLES;MEDICOQUIRURGICOS
1410;PATO ORINAL BOTELLA PLASTICO;UNIDAD;DESECHABLES;MEDICOQUIRURGICOS
2900;PEDIALYTE SABORES X 500 ML;UNIDAD;LIQUIDOS;MEDICOQUIRURGICOS
1590;PELICULA STRETCH 30 CMS CAL 6;ROLLO;DESECHABLES;MEDICOQUIRURGICOS
1312;PELICULA STRETCH 50 CMS;ROLLO;DESECHABLES;MEDICOQUIRURGICOS
3870;PENICILINA G BENZATINICA VIAL 2.4 U.I.;UNIDAD;MEDICAMENTOS;MEDICOQUIRURGICOS
1187;PERA PARA TENSIOMETRO LORD;UNIDAD;EQUIPOS;MEDICOQUIRURGICOS
3387;PERICRANEAL N° 19 NUBENCO;UNIDAD;JERINGAS;MEDICOQUIRURGICOS
3388;PERICRANEAL N° 21 NUBENCO;UNIDAD;JERINGAS;MEDICOQUIRURGICOS
3614;PERICRANEAL N° 25 NIPRO;UNIDAD;AGUJAS;MEDICOQUIRURGICOS
1351;PERICRANEAL Nº 21 MEDEX;UNIDAD;JERINGAS;MEDICOQUIRURGICOS
1309;PERICRANEAL Nº 21G NIPRO;UNIDAD;JERINGAS;MEDICOQUIRURGICOS
1184;PERICRANEAL Nº 22 NIPRO;UNIDAD;AGUJAS;MEDICOQUIRURGICOS
1311;PERICRANEAL Nº 22 VYGON;UNIDAD;JERINGAS;MEDICOQUIRURGICOS
1310;PERICRANEAL Nº 23G NIPRO;UNIDAD;JERINGAS;MEDICOQUIRURGICOS
1731;PIEZA DE ALTA;UNIDAD;EQUIPOS;MEDICOQUIRURGICOS
1732;PIEZA DE BAJA;UNIDAD;EQUIPOS;MEDICOQUIRURGICOS
1419;PILA 9 VOLTIOS TODAS;UNIDAD;DESECHABLES;MEDICOQUIRURGICOS
1407;PILA ALKALINA AAA TODAS;UNIDAD;DESECHABLES;MEDICOQUIRURGICOS
2992;PILA MEDIANA TIPO C;UNIDAD;DESECHABLES;MEDICOQUIRURGICOS
2199;PILA MEDIANA TIPO D TODAS;UNIDAD;DESECHABLES;MEDICOQUIRURGICOS
2779;PINZA FOESTER PORTA ESPONJA;UNIDAD;EQUIPOS;MEDICOQUIRURGICOS
3822;PINZA KELLY CURVA 14.5 CM HEMOSTATICA;UNIDAD;EQUIPOS;MEDICOQUIRURGICOS
3823;PINZA KELLY RECTA 14.5 CM HEMOSTATICA;UNIDAD;EQUIPOS;MEDICOQUIRURGICOS
3115;PINZA MOSQUITO CURVA 12.5 CM;UNIDAD;EQUIPOS;MEDICOQUIRURGICOS
2281;PINZA MOSQUITO RECTA 12.5 CM;UNIDAD;EQUIPOS;MEDICOQUIRURGICOS
1608;PINZA SCHOROEDER RECTA 25 MM;UNIDAD;EQUIPOS;MEDICOQUIRURGICOS
1765;PITILLO PLASTICO PAQ X 80 UN;UNIDAD;DESECHABLES;MEDICOQUIRURGICOS
1185;PLACA DE RETORNO CON CABLE;UNIDAD;EQUIPOS;MEDICOQUIRURGICOS
3451;PLANTA ACERO PARA OZONIZADOR ESTANDAR;UNIDAD;EQUIPOS;MEDICOQUIRURGICOS
2730;PLATAFORMA PARA QUIROFANO INOX 45 CM X 45 CM X 20 CM;UNIDAD;EQUIPOS;MEDICOQUIRURGICOS
2200;PLATO ICOPOR Nº 20 PAQ X 20 UN;PAQUETE;DESECHABLES;MEDICOQUIRURGICOS
1752;POLAINA EN CARNAZA;PAR;DESECHABLES;MEDICOQUIRURGICOS
1186;POLAINAS SENCILLA RESORTADA PAR;CAJA;DESECHABLES;MEDICOQUIRURGICOS
2051;POLVO STOMAHESIVE 28 GR CONVATEC;UNIDAD;SOLUCIONES;MEDICOQUIRURGICOS
2582;PORTAVASOS DESECHABLES PQ X 10 UND;PAQUETE;DESECHABLES;MEDICOQUIRURGICOS
1923;PREPODYNE SCRUB GALON X 3.5 LT ELECTROWEST;GALON;LIQUIDOS;MEDICOQUIRURGICOS
2155;PREPODYNE SCRUB X 850 ML ELECTROWEST;UNIDAD;LIQUIDOS;MEDICOQUIRURGICOS
1778;PRESERVATIVOS EN LATEX;UNIDAD;DESECHABLES;MEDICOQUIRURGICOS
2143;PRESERVATIVOS EN LATEX TODAS LAS MARCAS;UNIDAD;DESECHABLES;MEDICOQUIRURGICOS
1188;PROLENE 3/0  SC-24 45 CM 8184T;UNIDAD;SUTURAS;MEDICOQUIRURGICOS
1189;PROLENE 4-0 45 CM C/A PS2;UNIDAD;SUTURAS;MEDICOQUIRURGICOS
1497;PROLENE 5.0 SC 16 45 CM 8114T J & J;UNIDAD;SUTURAS;MEDICOQUIRURGICOS
3293;PROTECTOR CABLE EN ESPIRAL;UNIDAD;EQUIPOS;MEDICOQUIRURGICOS
2197;PROTECTOR DE COLCHON ENRESORTADO 1 MT X 1.90 50 GR;UNIDAD;DESECHABLES;MEDICOQUIRURGICOS
2198;PROTECTOR ENRESORTADO 1.20 MT X 1.90 50 GR;UNIDAD;DESECHABLES;MEDICOQUIRURGICOS
1438;PRUEBA DE EMBARAZO H.C.G. PREGNANCY ;UNIDAD;DESECHABLES;MEDICOQUIRURGICOS
1703;PULMOCARE LATA X 8 ONZ;UNIDAD;SOLUCIONES;MEDICOQUIRURGICOS
3817;PUNCH BIOPSIA 3 MM PARAMOUNT;UNIDAD;AGUJAS;MEDICOQUIRURGICOS
3699;PUNCH BIOPSIA DERMATOLOGICA 2 MM KAI MEDICAL;UNIDAD;AGUJAS;MEDICOQUIRURGICOS
1571;PUNCH BIOPSIA DERMATOLOGICA 3 MM KAI MEDICAL;UNIDAD;AGUJAS;MEDICOQUIRURGICOS
3700;PUNCH BIOPSIA DERMATOLOGICA 4 MM KAI MEDICAL;UNIDAD;AGUJAS;MEDICOQUIRURGICOS
3764;PUNCH BIOPSIA DERMATOLOGICA N° 2 DESECHABLE;UNIDAD;AGUJAS;MEDICOQUIRURGICOS
3872;PUNTA CAUTERIO H103 DESECHABLES;UNIDAD;EQUIPOS;MEDICOQUIRURGICOS
1191;QUIRUCIDAL GALON X 3750 CC ;UNIDAD;LIQUIDOS;MEDICOQUIRURGICOS
1190;QUIRUCIDAL JABON FRASCO X 120 CC ;UNIDAD;LIQUIDOS;MEDICOQUIRURGICOS
1402;QUIRUCIDAL JABON X 1000 CC QUIRUMEDICAS;BOTELLA;LIQUIDOS;MEDICOQUIRURGICOS
1672;QUIRUCIDAL JABON X 500 ML ;UNIDAD;LIQUIDOS;MEDICOQUIRURGICOS
1192;QUIRUGER PLUS GALON X 3.750 CC ;GALON;LIQUIDOS;MEDICOQUIRURGICOS
1305;QUIRUGER X 1000 CC;UNIDAD;LIQUIDOS;MEDICOQUIRURGICOS
1518;RECIPIENTE PLASTICO TODOUSOS;UNIDAD;DESECHABLES;MEDICOQUIRURGICOS
1936;RECOLECTOR CORTOPUNZANTES 0.5 LTS;UNIDAD;DESECHABLES;MEDICOQUIRURGICOS
1231;RECOLECTOR CORTOPUNZANTES 1.0 LTS;UNIDAD;DESECHABLES;MEDICOQUIRURGICOS
1408;RECOLECTOR CORTOPUNZANTES 1.5 LTS;UNIDAD;DESECHABLES;MEDICOQUIRURGICOS
1193;RECOLECTOR CORTOPUNZANTES 2.9 LTS;UNIDAD;DESECHABLES;MEDICOQUIRURGICOS
1487;RECOLECTOR DE ESPECIMEN TRAMPA DE LUKEN;UNIDAD;EQUIPOS;MEDICOQUIRURGICOS
1763;REMOVEDOR LANDER;UNIDAD;DESECHABLES;MEDICOQUIRURGICOS
2653;REPARACION Y MANTENIMIENTO DE EQUIPOS VARIOS;UNIDAD;EQUIPOS;MEDICOQUIRURGICOS
1907;RESUCITADOR DESECHABLE MANUAL ADULTO MERLIN REF W4441;UNIDAD;EQUIPOS;MEDICOQUIRURGICOS
2058;RESUCITADOR DESECHABLE MANUAL PEDIATRICO MERLIN;UNIDAD;EQUIPOS;MEDICOQUIRURGICOS
1467;RESUCITADOR REUSABLE MANUAL ADULTO MERLIN REF W4442;UNIDAD;EQUIPOS;MEDICOQUIRURGICOS
1411;RIÑONERA PLASTICA;UNIDAD;DESECHABLES;MEDICOQUIRURGICOS
1858;RODILLERA ADULTO ARTIC LIBRE;UNIDAD;DESECHABLES;MEDICOQUIRURGICOS
3761;ROXICAINA 2% EPINEFRINA LIDOCAINA X 50 ML;FRASCO;MEDICAMENTOS;MEDICOQUIRURGICOS
3869;ROXICAINA ATOMIZADOR X 83 ML;UNIDAD;MEDICAMENTOS;MEDICOQUIRURGICOS
1017;ROXICAINA JALEA X 30 ML;UNIDAD;MEDICAMENTOS;MEDICOQUIRURGICOS
3763;ROXICAINA LIDOCAINA 1% SIN EPINEFRINA X 50 ML;FRASCO;MEDICAMENTOS;MEDICOQUIRURGICOS
3502;ROXICAINA LIDOCAINA 2% SIN EPINEFRINA X 50 ML;FRASCO;MEDICAMENTOS;MEDICOQUIRURGICOS
1813;SABANA ENRESORTADA EN SMS 2.00 X 0.80 CM;UNIDAD;DESECHABLES;MEDICOQUIRURGICOS
3875;SALBUTAMOL INHALADOR 100 MCG;UNIDAD;MEDICAMENTOS;MEDICOQUIRURGICOS
2214;SANISORB ACTIVE SOBRE X 36 GR;SOBRE;DESECHABLES;MEDICOQUIRURGICOS
2808;SCANER EPSON WORKFORCE S/N X2 H8051506;UNIDAD;EQUIPOS;MEDICOQUIRURGICOS
1648;SEDA NEGRA PERMAHAND 4-0 45 CM SC26 REF: 185T;UNIDAD;SUTURAS;MEDICOQUIRURGICOS
1821;SEDASIVA LEUKOPLAST PIEL SURTIDO B.S.N.;UNIDAD;ESPARADRAPOS;MEDICOQUIRURGICOS
1520;SENSOR ADHESIVO NELLCOR OXIMAX-AD;UNIDAD;EQUIPOS;MEDICOQUIRURGICOS
2043;SENSOR ADHESIVO NELLCOR OXIMAX-NEO;UNIDAD;DESECHABLES;MEDICOQUIRURGICOS
1978;SENSOR ADHESIVO NELLCOR OXIMAX-PED;UNIDAD;EQUIPOS;MEDICOQUIRURGICOS
2542;SENSOR DE FLUJO ADULTO PARA CIRCUITO DUAL V64-0012;UNIDAD;EQUIPOS;MEDICOQUIRURGICOS
2543;SENSOR DE FLUJO PEDIATRICO PARA CIRCUITO DUAL V64-0025;UNIDAD;EQUIPOS;MEDICOQUIRURGICOS
1866;SEÑAL DE CUIDADOS PISO HUMEDO;UNIDAD;DESECHABLES;MEDICOQUIRURGICOS
3848;SILIMARINA 150 MG X 20 CAPSULAS;CAJA;MEDICAMENTOS;MEDICOQUIRURGICOS
1499;SILLA DE RUEDAS REF: 900-10;UNIDAD;EQUIPOS;MEDICOQUIRURGICOS
1847;SILLA SANITARIO BUTACO;UNIDAD;EQUIPOS;MEDICOQUIRURGICOS
2121;SISTEMA CERRADO SUCCION TRAQUEAL NEONATAL TRACH CARE;UNIDAD;EQUIPOS;MEDICOQUIRURGICOS
2240;SODIO CLORURO 0.9% X 100 ML BAXTER;UNIDAD;SOLUCIONES;MEDICOQUIRURGICOS
1433;SODIO CLORURO 0.9% X 100 ML CORPAUL;UNIDAD;SOLUCIONES;MEDICOQUIRURGICOS
2122;SODIO CLORURO 0.9% X 100 ML FRESENIUS;BOLSA;SOLUCIONES;MEDICOQUIRURGICOS
2067;SODIO CLORURO 0.9% X 1000 ML CORPAUL;UNIDAD;SOLUCIONES;MEDICOQUIRURGICOS
1073;SODIO CLORURO 0.9% X 250 ML CORPAUL;UNIDAD;SOLUCIONES;MEDICOQUIRURGICOS
1480;SODIO CLORURO 0.9% X 250 ML PISA ;UNIDAD;SOLUCIONES;MEDICOQUIRURGICOS
1409;SODIO CLORURO 0.9% X 500 ML CORPAUL;UNIDAD;SOLUCIONES;MEDICOQUIRURGICOS
1971;SODIO CLORURO 0.9% X 500 ML CORPAUL;BOTELLA;SOLUCIONES;MEDICOQUIRURGICOS
1194;SOLUCION HARTMAN X 3000 ML BAXTER;UNIDAD;SOLUCIONES;MEDICOQUIRURGICOS
2267;SOLUCION HARTMAN X 500 ML BAXTER;UNIDAD;SOLUCIONES;MEDICOQUIRURGICOS
1652;SOLUCION HARTMAN X 500 ML CORPAUL;UNIDAD;SOLUCIONES;MEDICOQUIRURGICOS
1570;SOLUCION SALINA AL 0.45 % X 500 ML CORPAUL;UNIDAD;LIQUIDOS;MEDICOQUIRURGICOS
1197;SOLUCION SALINA X 250 ML BAXTER;UNIDAD;SOLUCIONES;MEDICOQUIRURGICOS
1198;SOLUCION SALINA X 500 ML BAXTER;UNIDAD;SOLUCIONES;MEDICOQUIRURGICOS
1137;SOLUCION YODADA X 3.500 ML;GALON;LIQUIDOS;MEDICOQUIRURGICOS
3746;SONDA ACANALADA METALICA HOSPITAL;UNIDAD;EQUIPOS;MEDICOQUIRURGICOS
1199;SONDA DE ALIMENTACION 8 FR TUGSTENO KENDALL;UNIDAD;EQUIPOS;MEDICOQUIRURGICOS
2224;SONDA DE GASTROSTOMIA Nº 12 FR KENDALL;UNIDAD;EQUIPOS;MEDICOQUIRURGICOS
2111;SONDA DE GASTROSTOMIA Nº 14 FR KENDALL;UNIDAD;EQUIPOS;MEDICOQUIRURGICOS
1959;SONDA DE GASTROSTOMIA Nº 16 FR KENDALL;UNIDAD;EQUIPOS;MEDICOQUIRURGICOS
1927;SONDA DE GASTROSTOMIA Nº 18 FR KENDALL;UNIDAD;EQUIPOS;MEDICOQUIRURGICOS
1993;SONDA DE GASTROSTOMIA Nº 20 FR KENDALL;UNIDAD;EQUIPOS;MEDICOQUIRURGICOS
1421;SONDA DE GASTROSTOMIA Nº 22 FR KENDALL;UNIDAD;JERINGAS;MEDICOQUIRURGICOS
2086;SONDA DE GASTROSTOMIA Nº 24 FR KENDALL;UNIDAD;EQUIPOS;MEDICOQUIRURGICOS
1645;SONDA DE SUCCION ABIERTA 10 FR AD MEDEX;UNIDAD;EQUIPOS;MEDICOQUIRURGICOS
1581;SONDA DE SUCCION ABIERTA 12 FR AD VYGON;UNIDAD;EQUIPOS;MEDICOQUIRURGICOS
1582;SONDA DE SUCCION ABIERTA 14 FR AD MEDEX 40 CM;UNIDAD;EQUIPOS;MEDICOQUIRURGICOS
1447;SONDA DE SUCCION ABIERTA 8 FR AD MEDEX;UNIDAD;EQUIPOS;MEDICOQUIRURGICOS
1644;SONDA DE SUCCION ABIERTA 8 FR AD VYGON;UNIDAD;EQUIPOS;MEDICOQUIRURGICOS
1817;SONDA DE SUCCION CERRADA 10 FR AD GLOBAL;UNIDAD;EQUIPOS;MEDICOQUIRURGICOS
1934;SONDA DE SUCCION CERRADA 10 FR AD KIMBERLY;UNIDAD;EQUIPOS;MEDICOQUIRURGICOS
1477;SONDA DE SUCCION CERRADA 10 FR AD LMI ;UNIDAD;EQUIPOS;MEDICOQUIRURGICOS
1465;SONDA DE SUCCION CERRADA 10 FR AD MEDEX;UNIDAD;EQUIPOS;MEDICOQUIRURGICOS
1493;SONDA DE SUCCION CERRADA 12 FR AD LMI ;UNIDAD;EQUIPOS;MEDICOQUIRURGICOS
1441;SONDA DE SUCCION CERRADA 12 FR AD MEDEX;UNIDAD;EQUIPOS;MEDICOQUIRURGICOS
1200;SONDA DE SUCCION CERRADA 14 FR AD GLOBAL;UNIDAD;EQUIPOS;MEDICOQUIRURGICOS
1769;SONDA DE SUCCION CERRADA 14 FR AD KIMBERLY;UNIDAD;EQUIPOS;MEDICOQUIRURGICOS
1468;SONDA DE SUCCION CERRADA 14 FR AD LMI ;UNIDAD;EQUIPOS;MEDICOQUIRURGICOS
1222;SONDA DE SUCCION CERRADA 14 FR AD MEDEX;UNIDAD;EQUIPOS;MEDICOQUIRURGICOS
1220;SONDA DE SUCCION CERRADA 16 FR AD MEDEX;UNIDAD;EQUIPOS;MEDICOQUIRURGICOS
1938;SONDA DE SUCCION CERRADA 16 FR AD WELL LEAD;UNIDAD;EQUIPOS;MEDICOQUIRURGICOS
1221;SONDA DE SUCCION CERRADA 18 FR AD MEDEX ;UNIDAD;EQUIPOS;MEDICOQUIRURGICOS
1448;SONDA DE SUCCION CERRADA 6 FR AD MEDEX;UNIDAD;EQUIPOS;MEDICOQUIRURGICOS
1476;SONDA DE SUCCION CERRADA 8 FR AD LMI ;UNIDAD;EQUIPOS;MEDICOQUIRURGICOS
1657;SONDA DE SUCCION CERRADA 8 FR AD MEDEX;UNIDAD;EQUIPOS;MEDICOQUIRURGICOS
1767;SONDA DE SUCCION CERRADA 8 FR NEO KIMBERLY;UNIDAD;EQUIPOS;MEDICOQUIRURGICOS
1353;SONDA FOLEY DOS VIAS Nº 10;UNIDAD;EQUIPOS;MEDICOQUIRURGICOS
1354;SONDA FOLEY DOS VIAS Nº 12 PRECISION;UNIDAD;EQUIPOS;MEDICOQUIRURGICOS
1206;SONDA FOLEY DOS VIAS Nº 14;UNIDAD;EQUIPOS;MEDICOQUIRURGICOS
1207;SONDA FOLEY DOS VIAS Nº 16;UNIDAD;EQUIPOS;MEDICOQUIRURGICOS
1205;SONDA FOLEY DOS VIAS Nº 18;UNIDAD;EQUIPOS;MEDICOQUIRURGICOS
1265;SONDA FOLEY DOS VIAS Nº 20;UNIDAD;EQUIPOS;MEDICOQUIRURGICOS
1266;SONDA FOLEY DOS VIAS Nº 22;UNIDAD;EQUIPOS;MEDICOQUIRURGICOS
2188;SONDA FOLEY DOS VIAS Nº 22 FR C/B 100% SILICONA LM;UNIDAD;JERINGAS;MEDICOQUIRURGICOS
1267;SONDA FOLEY DOS VIAS Nº 24;UNIDAD;EQUIPOS;MEDICOQUIRURGICOS
1572;SONDA FOLEY DOS VIAS Nº 6;UNIDAD;EQUIPOS;MEDICOQUIRURGICOS
1352;SONDA FOLEY DOS VIAS Nº 8;UNIDAD;EQUIPOS;MEDICOQUIRURGICOS
2277;SONDA FOLEY TRES VIAS 16 FR C/B WELL LEAD;UNIDAD;JERINGAS;MEDICOQUIRURGICOS
2269;SONDA FOLEY TRES VIAS 18 FR C/B 100% SILICONADA LM;UNIDAD;JERINGAS;MEDICOQUIRURGICOS
2495;SONDA FOLEY TRES VIAS 18 FR C/B 100% SILICONADA NUBENCO;UNIDAD;JERINGAS;MEDICOQUIRURGICOS
2135;SONDA FOLEY TRES VIAS 18 FR C/B KRAMER;UNIDAD;EQUIPOS;MEDICOQUIRURGICOS
1904;SONDA FOLEY TRES VIAS 18 FR C/B NUBENCO;UNIDAD;JERINGAS;MEDICOQUIRURGICOS
2460;SONDA FOLEY TRES VIAS 18 FR WELL LEAD;UNIDAD;JERINGAS;MEDICOQUIRURGICOS
1957;SONDA FOLEY TRES VIAS 20 FR NUBENCO;UNIDAD;JERINGAS;MEDICOQUIRURGICOS
1399;SONDA FOLEY TRES VIAS 22 FR C/B 100% SILICONA LM;UNIDAD;JERINGAS;MEDICOQUIRURGICOS
2368;SONDA FOLEY TRES VIAS 24 FR C/B NUBENCO;UNIDAD;JERINGAS;MEDICOQUIRURGICOS
2390;SONDA GASTRICA 100% SILICONADA 16 FR SALEM SUMP;UNIDAD;EQUIPOS;MEDICOQUIRURGICOS
1202;SONDA LEVIN Nº 14 MEDEX;UNIDAD;EQUIPOS;MEDICOQUIRURGICOS
1204;SONDA LEVIN Nº 16 MEDEX;UNIDAD;DESECHABLES;MEDICOQUIRURGICOS
1201;SONDA LEVIN Nº 18 MEDEX;UNIDAD;EQUIPOS;MEDICOQUIRURGICOS
1600;SONDA LEVIN Nº 18 SHERLEG;UNIDAD;EQUIPOS;MEDICOQUIRURGICOS
2116;SONDA LEVIN Nº 20 SHERLEG;UNIDAD;EQUIPOS;MEDICOQUIRURGICOS
1203;SONDA LEVIN Nº 8 MEDEX;UNIDAD;DESECHABLES;MEDICOQUIRURGICOS
1268;SONDA NASOGASTRICA Nº 10 MEDEX;UNIDAD;EQUIPOS;MEDICOQUIRURGICOS
1208;SONDA NASOGASTRICA Nº 12 MEDEX;UNIDAD;EQUIPOS;MEDICOQUIRURGICOS
1209;SONDA NASOGASTRICA Nº 14 MEDEX;UNIDAD;EQUIPOS;MEDICOQUIRURGICOS
1400;SONDA NASOGASTRICA Nº 16 MEDEX;UNIDAD;JERINGAS;MEDICOQUIRURGICOS
1211;SONDA NASOGASTRICA Nº 18 MEDEX;UNIDAD;EQUIPOS;MEDICOQUIRURGICOS
1660;SONDA NASOGASTRICA Nº 20 MEDEX;UNIDAD;EQUIPOS;MEDICOQUIRURGICOS
1661;SONDA NASOGASTRICA Nº 22 MEDEX;UNIDAD;EQUIPOS;MEDICOQUIRURGICOS
1210;SONDA NASOGASTRICA Nº 6 MEDEX;UNIDAD;EQUIPOS;MEDICOQUIRURGICOS
1212;SONDA NASOGASTRICA Nº 8 MEDEX;UNIDAD;EQUIPOS;MEDICOQUIRURGICOS
1426;SONDA NELATON Nº 10 MEDEX;UNIDAD;AGUJAS;MEDICOQUIRURGICOS
1216;SONDA NELATON Nº 10 SHERLEG;UNIDAD;AGUJAS;MEDICOQUIRURGICOS
1425;SONDA NELATON Nº 12 MEDEX;UNIDAD;AGUJAS;MEDICOQUIRURGICOS
1217;SONDA NELATON Nº 14 MEDEX;UNIDAD;EQUIPOS;MEDICOQUIRURGICOS
1218;SONDA NELATON Nº 16 MEDEX;UNIDAD;EQUIPOS;MEDICOQUIRURGICOS
1213;SONDA NELATON Nº 18 MEDEX;UNIDAD;EQUIPOS;MEDICOQUIRURGICOS
1637;SONDA NELATON Nº 4 MEDEX;UNIDAD;EQUIPOS;MEDICOQUIRURGICOS
1214;SONDA NELATON Nº 5 MEDEX;UNIDAD;EQUIPOS;MEDICOQUIRURGICOS
1215;SONDA NELATON Nº 6 MEDEX;UNIDAD;EQUIPOS;MEDICOQUIRURGICOS
1325;SONDA NELATON Nº 6 SHERLEG;UNIDAD;AGUJAS;MEDICOQUIRURGICOS
1219;SONDA NELATON Nº 8 MEDEX;UNIDAD;EQUIPOS;MEDICOQUIRURGICOS
1597;SONDA NELATON Nº 8 SHERLEG;UNIDAD;AGUJAS;MEDICOQUIRURGICOS
1635;SOPORTE EN ACRILICO PEQUEÑO PARA ATOMIZADOR;UNIDAD;EQUIPOS;MEDICOQUIRURGICOS
1579;SOPORTE PARA RECOLECTOR CORTOPUNZANTES TODOS;UNIDAD;EQUIPOS;MEDICOQUIRURGICOS
3164;SOPORTE PARED PARA EXTINTOR 10/20 LB;UNIDAD;EQUIPOS;MEDICOQUIRURGICOS
1516;SOPORTE SUERO DE PISO PINTADO;UNIDAD;EQUIPOS;MEDICOQUIRURGICOS
2291;SUERO ORAL SOBRE X 28 GRS;SOBRE;MEDICAMENTOS;MEDICOQUIRURGICOS
1323;SUERO ORAL X 400 ML;BOTELLA;MEDICAMENTOS;MEDICOQUIRURGICOS
1316;SUJETADOR DE MIEMBRO SUPERIOR;UNIDAD;EQUIPOS;MEDICOQUIRURGICOS
3537;SULFAPLATA CREMA 1% X 15 GR;UNIDAD;MEDICAMENTOS;MEDICOQUIRURGICOS
3129;SULFAPLATA CREMA 1% X 30 GR;UNIDAD;MEDICAMENTOS;MEDICOQUIRURGICOS
2774;SULFAPLATA CREMA X 100 GR;UNIDAD;MEDICAMENTOS;MEDICOQUIRURGICOS
1223;SUPER KIT CITOLOGICO CEPIMAX;KIT;EQUIPOS;MEDICOQUIRURGICOS
1395;SUPRAGEL X 1000 CC QUIRUMEDICAS;UNIDAD;LIQUIDOS;MEDICOQUIRURGICOS
1378;SUPRAGEL X 240 CC;UNIDAD;LIQUIDOS;MEDICOQUIRURGICOS
1282;SUPRAGEL X 3750 CC ;GALON;LIQUIDOS;MEDICOQUIRURGICOS
1675;SUTURA GLICOSORB ABSORVIBLE 3.0 HR 35 MM ;UNIDAD;SUTURAS;MEDICOQUIRURGICOS
1640;SUTURA NOVOSYN ABSORBIBLE 4/0 HR22 70 CM;UNIDAD;SUTURAS;MEDICOQUIRURGICOS
3521;SUTURA NOVOSYN ABSORVIBLE 2/0 HR26 90 CM;UNIDAD;SUTURAS;MEDICOQUIRURGICOS
1498;SUTURA NYLON 3.0 70 CM MASTER MEDICAL;UNIDAD;SUTURAS;MEDICOQUIRURGICOS
1495;SUTURA NYLON 4.0 70 CM MASTER MEDICAL;UNIDAD;SUTURAS;MEDICOQUIRURGICOS
1601;SUTURA NYLON 5.0 70 CM MASTER MEDICAL;UNIDAD;SUTURAS;MEDICOQUIRURGICOS
1782;TAFILETE 4 PUNTOS DE APOYO RACHET;UNIDAD;EQUIPOS;MEDICOQUIRURGICOS
2990;TALLIMETRO ACRILICO PARED 2 METROS;UNIDAD;EQUIPOS;MEDICOQUIRURGICOS
3646;TAPABOCAS DESECHABLE 3 CAPAS NEGRO FACE MASK CJ X 50 UN;CAJA;DESECHABLES;MEDICOQUIRURGICOS
1587;TAPABOCAS DESECHABLE 4 CAPAS CAJA X 50 UN NORELLA;CAJA;DESECHABLES;MEDICOQUIRURGICOS
2555;TAPABOCAS DESECHABLE DE ATAR CAJA X 50 HANDEL MED;CAJA;DESECHABLES;MEDICOQUIRURGICOS
1172;TAPABOCAS DESECHABLE DE SUJECCION CAJA X 50 FACE MASK;CAJA;DESECHABLES;MEDICOQUIRURGICOS
1174;TAPABOCAS DESECHABLE DE SUJECION CAJA X 50 HANDEL MED;CAJA;DESECHABLES;MEDICOQUIRURGICOS
2409;TAPABOCAS DESECHABLE DE SUJECION CAJA X 50 UN VITAL MEDIC;CAJA;DESECHABLES;MEDICOQUIRURGICOS
3630;TAPABOCAS DESECHABLE EMP INDIVIDUAL CAJA X 50 FACE MASK;CAJA;DESECHABLES;MEDICOQUIRURGICOS
1173;TAPABOCAS DESECHABLE EMP INDIVIDUAL CAJA X 50 VITAL MEDIC;CAJA;DESECHABLES;MEDICOQUIRURGICOS
2778;TAPABOCAS PLASTICO ECO CAJA X 10 UNIDADES;CAJA;DESECHABLES;MEDICOQUIRURGICOS
3331;TAPABOCAS PLASTICO PROTEXION CAJA X 10 UN ANTIEMPAÑANT;CAJA;DESECHABLES;MEDICOQUIRURGICOS
1224;TAPON MEMBRANA CAUCHO BLANCO VYGON;UNIDAD;DESECHABLES;MEDICOQUIRURGICOS
2810;TECLADO INALAMBRICO GENIUS KB-8000X;UNIDAD;EQUIPOS;MEDICOQUIRURGICOS
2957;TECLADO USB NEGRO ;UNIDAD;EQUIPOS;MEDICOQUIRURGICOS
1695;TELA ADHESIVA MEDIPORE 5 CM X 10 MTS 3M;ROLLO;ESPARADRAPOS;MEDICOQUIRURGICOS
1285;TELA PARA CAMILLA AZUL O BLANCA 45 CM X 100 MTS;ROLLO;DESECHABLES;MEDICOQUIRURGICOS
2165;TELA PARA CAMILLA AZUL O BLANCA 50 CM X 100 MTS;ROLLO;DESECHABLES;MEDICOQUIRURGICOS
2807;TELEFONO INALAMBRICO PANASONIC S/N 71 BWB 138927;UNIDAD;EQUIPOS;MEDICOQUIRURGICOS
1667;TENSIOMETRO ANEROIDE ADULTO  ALPK-2;UNIDAD;EQUIPOS;MEDICOQUIRURGICOS
1366;TENSIOMETRO ANEROIDE ADULTO STARMED;UNIDAD;EQUIPOS;MEDICOQUIRURGICOS
1768;TENSIOMETRO ANEROIDE PEDIATRICO NEONATAL STARMED;UNIDAD;EQUIPOS;MEDICOQUIRURGICOS
2602;TENSIOMETRO DIGITAL CON ALTAVOZ LENZ;UNIDAD;EQUIPOS;MEDICOQUIRURGICOS
2191;TERBUROP NEB APP X 10 ML;UNIDAD;MEDICAMENTOS;MEDICOQUIRURGICOS
3500;TERBUROP SOLUCION X 10 ML;UNIDAD;MEDICAMENTOS;MEDICOQUIRURGICOS
1567;TERMOHIGROMETRO DIGITAL HTC-2;UNIDAD;EQUIPOS;MEDICOQUIRURGICOS
1225;TERMOMETRO CLINICO ORAL;UNIDAD;EQUIPOS;MEDICOQUIRURGICOS
1580;TERMOMETRO DIGITAL ALLA FRANCE P/NEVERA;UNIDAD;EQUIPOS;MEDICOQUIRURGICOS
2775;TERMOMETRO DIGITAL DE PUNZON CEM DT-131;UNIDAD;EQUIPOS;MEDICOQUIRURGICOS
1226;TERMOMETRO DIGITAL RIGIDO;UNIDAD;EQUIPOS;MEDICOQUIRURGICOS
3556;TERMOMETRO INFRARROJO MODELO JPD-FR202;UNIDAD;EQUIPOS;MEDICOQUIRURGICOS
3807;TERMONEBULIZADOR PRO LIGHT F900;UNIDAD;EQUIPOS;MEDICOQUIRURGICOS
3846;TIAMINA 300 MG X 250 TABLETAS LAPROFF;CAJA;MEDICAMENTOS;MEDICOQUIRURGICOS
1481;TIJERA DE MAYO CURVA PSI 650;UNIDAD;EQUIPOS;MEDICOQUIRURGICOS
1975;TIJERA DE MAYO RECTA PSI 657;UNIDAD;EQUIPOS;MEDICOQUIRURGICOS
2986;TIJERA METALICA CURVA CORTATODO;UNIDAD;EQUIPOS;MEDICOQUIRURGICOS
3824;TIJERA METZEMBAUN CURVA 20 CM;UNIDAD;EQUIPOS;MEDICOQUIRURGICOS
2042;TINTURA DE BENJUI X 500 GRS;LIBRAS;LABORATORIO;MEDICOQUIRURGICOS
2350;TIRA REACTIVA PARA ORINA FCO X 150 UN ACON;FRASCO;LABORATORIO;MEDICOQUIRURGICOS
2326;TIRA REACTIVA PARA ORINA MILTISTIX 10 SG CJ X 100 UN;CAJA;LABORATORIO;MEDICOQUIRURGICOS
1666;TIRILLA GLUCOMETRIA ADVOCATE BMB-BA006A CJ X 50 ;CAJA;EQUIPOS;MEDICOQUIRURGICOS
1412;TIRILLA GLUCOMETRIA DIAMOND PAQ X 25 UN;PAQUETE;DESECHABLES;MEDICOQUIRURGICOS
1494;TIRILLA GLUCOMETRIA EASY GLUCO CJ X 50;CAJA;DESECHABLES;MEDICOQUIRURGICOS
1457;TIRILLA GLUCOMETRIA FASTCHECK CAJA X 50 UN;CAJA;DESECHABLES;MEDICOQUIRURGICOS
1446;TIRILLA GLUCOMETRIA GLUCOQUICK CJ X 50 UN;CAJA;EQUIPOS;MEDICOQUIRURGICOS
1413;TIRILLA GLUCOMETRIA MATCH II CJ X 50 UN;CAJA;DESECHABLES;MEDICOQUIRURGICOS
1568;TIRILLA GLUCOMETRIA OPTIUM CAJA X 50 UN;CAJA;DESECHABLES;MEDICOQUIRURGICOS
1455;TIRILLA GLUCOMETRIA PRESTIGE FACIL CAJA X 50 UN;CAJA;DESECHABLES;MEDICOQUIRURGICOS
2167;TOALLA ANTISEPTICA GLUCONATO CLORH CJ X 200 UN GLOBAL;CAJA;DESECHABLES;MEDICOQUIRURGICOS
1650;TORNIQUETE ELASTICO CON SEGURO;UNIDAD;EQUIPOS;MEDICOQUIRURGICOS
1230;TORNIQUETE SINTETICO AZUL;UNIDAD;DESECHABLES;MEDICOQUIRURGICOS
1454;TRANSPORE 1 X 10 YDAS 3M CAJA X 12 UN;TACO;ESPARADRAPOS;MEDICOQUIRURGICOS
1909;"TRANSPORE 1"" CJ X 12 UN CUREBAND";CAJA;ESPARADRAPOS;MEDICOQUIRURGICOS
2000;"TRANSPORE 2"" X 10 YDAS CJ X 6 UN";TACO;ESPARADRAPOS;MEDICOQUIRURGICOS
1753;TRAVAD ENEMA SOLUCION RECTAL X 133 ML BAXTER;UNIDAD;SOLUCIONES;MEDICOQUIRURGICOS
3143;TUBO ENDOTRAQUEAL N° 2.5 S/B LIFE CARE;UNIDAD;EQUIPOS;MEDICOQUIRURGICOS
1260;TUBO ENDOTRAQUEAL Nº 3.0 C/B LIFE CARE;UNIDAD;EQUIPOS;MEDICOQUIRURGICOS
1233;TUBO ENDOTRAQUEAL Nº 3.0 S/B LIFE CARE;UNIDAD;EQUIPOS;MEDICOQUIRURGICOS
1595;TUBO ENDOTRAQUEAL Nº 3.0 S/B PLUS VITAL;UNIDAD;EQUIPOS;MEDICOQUIRURGICOS
1241;TUBO ENDOTRAQUEAL Nº 3.5 S/B PLUS VITAL;UNIDAD;EQUIPOS;MEDICOQUIRURGICOS
2383;TUBO ENDOTRAQUEAL Nº 4.0 C/B LIFE CARE;UNIDAD;EQUIPOS;MEDICOQUIRURGICOS
1234;TUBO ENDOTRAQUEAL Nº 4.0 S/B LIFE CARE;UNIDAD;EQUIPOS;MEDICOQUIRURGICOS
1304;TUBO ENDOTRAQUEAL Nº 4.5 S/B LIFE CARE;UNIDAD;EQUIPOS;MEDICOQUIRURGICOS
1462;TUBO ENDOTRAQUEAL Nº 5.0 C/B VYGON;UNIDAD;EQUIPOS;MEDICOQUIRURGICOS
1242;TUBO ENDOTRAQUEAL Nº 5.0 S/B LIFE CARE;UNIDAD;EQUIPOS;MEDICOQUIRURGICOS
1458;TUBO ENDOTRAQUEAL Nº 5.5 C/B VYGON;UNIDAD;EQUIPOS;MEDICOQUIRURGICOS
2384;TUBO ENDOTRAQUEAL Nº 5.5 S/B LIFE ACRE;UNIDAD;EQUIPOS;MEDICOQUIRURGICOS
1459;TUBO ENDOTRAQUEAL Nº 6.0 C/B VYGON;UNIDAD;EQUIPOS;MEDICOQUIRURGICOS
1945;TUBO ENDOTRAQUEAL Nº 6.5 C/B COVIDIEN;UNIDAD;EQUIPOS;MEDICOQUIRURGICOS
1460;TUBO ENDOTRAQUEAL Nº 6.5 C/B VYGON;UNIDAD;EQUIPOS;MEDICOQUIRURGICOS
1239;TUBO ENDOTRAQUEAL Nº 6.5 S/B LIFE CARE;UNIDAD;EQUIPOS;MEDICOQUIRURGICOS
1237;TUBO ENDOTRAQUEAL Nº 7.0 C/B VYGON;UNIDAD;EQUIPOS;MEDICOQUIRURGICOS
1235;TUBO ENDOTRAQUEAL Nº 7.5 C/B VYGON;UNIDAD;EQUIPOS;MEDICOQUIRURGICOS
1238;TUBO ENDOTRAQUEAL Nº 8.0 C/B PLUS VITAL;UNIDAD;EQUIPOS;MEDICOQUIRURGICOS
1236;TUBO ENDOTRAQUEAL Nº 8.0 C/B VYGON;UNIDAD;EQUIPOS;MEDICOQUIRURGICOS
1240;TUBO ENDOTRAQUEAL Nº 8.5 C/B VYGON;UNIDAD;EQUIPOS;MEDICOQUIRURGICOS
1937;TUBO ENDOTRAQUEAL Nº 8.5 C/B WELL LEAD;UNIDAD;EQUIPOS;MEDICOQUIRURGICOS
1461;TUBO ENDOTRAQUEAL Nº 9.0 C/B VYGON;UNIDAD;EQUIPOS;MEDICOQUIRURGICOS
1946;TUBO ENDOTRAQUEAL Nº 9.0 C/B WELL LEAD;UNIDAD;EQUIPOS;MEDICOQUIRURGICOS
1232;TUBO ENDOTRAQUEAL ORO NASAL S/B 4.0 STERIJECT RYMCO;UNIDAD;EQUIPOS;MEDICOQUIRURGICOS
2576;TUBO IMPROMINI 0.5 ML VIOLETA;UNIDAD;DESECHABLES;MEDICOQUIRURGICOS
1955;TUBO MICROTAINER TAPA LILA 0.5 ML ;UNIDAD;LABORATORIO;MEDICOQUIRURGICOS
2578;TUBO MICROTAINER TAPA VERDE HEP LITIO;UNIDAD;DESECHABLES;MEDICOQUIRURGICOS
2579;TUBO MICROTEST TAPA ROJA X 500 UL;UNIDAD;DESECHABLES;MEDICOQUIRURGICOS
2076;TUBO PARA GASTROSTOMIA QUIRURGICA 12 FR KIMBERLY;UNIDAD;EQUIPOS;MEDICOQUIRURGICOS
1684;TUBO PARA GASTROSTOMIA QUIRURGICA 14 FR KIMBERLY;UNIDAD;EQUIPOS;MEDICOQUIRURGICOS
2024;TUBO PARA GASTROSTOMIA QUIRURGICA 16 FR KIMBERLY;UNIDAD;EQUIPOS;MEDICOQUIRURGICOS
1685;TUBO PARA GASTROSTOMIA QUIRURGICA 18 FR KIMBERLY;UNIDAD;EQUIPOS;MEDICOQUIRURGICOS
2068;TUBO PARA GASTROSTOMIA QUIRURGICA 20 FR 2.5 CM;UNIDAD;EQUIPOS;MEDICOQUIRURGICOS
2025;TUBO PARA GASTROSTOMIA QUIRURGICA 20 FR KIMBERLY;UNIDAD;EQUIPOS;MEDICOQUIRURGICOS
1686;TUBO PARA GASTROSTOMIA QUIRURGICA 22 FR KIMBERLY;UNIDAD;EQUIPOS;MEDICOQUIRURGICOS
1470;TUBO PARA GASTROSTOMIA QUIRURGICA 24 FR KIMBERLY;UNIDAD;EQUIPOS;MEDICOQUIRURGICOS
1772;TUBO SUCCION SILICONADO 3.6 MT PLUS VITAL;UNIDAD;JERINGAS;MEDICOQUIRURGICOS
1444;TUBO SUCCION SILICONADO X 3 MT COVIDIEN;UNIDAD;EQUIPOS;MEDICOQUIRURGICOS
1479;TUBO TAPA AMARILLA 5 ML PED IMPROVE;UNIDAD;DESECHABLES;MEDICOQUIRURGICOS
1449;TUBO TAPA AMARILLA 5 ML VACUTAINER BD;UNIDAD;DESECHABLES;MEDICOQUIRURGICOS
1791;TUBO TAPA AMARILLA 5.0 ML IMPROVE;UNIDAD;LABORATORIO;MEDICOQUIRURGICOS
1396;TUBO TAPA AZUL 3.5 ML VACUETTE;UNIDAD;LABORATORIO;MEDICOQUIRURGICOS
1573;TUBO TAPA AZUL 4.5 ML VACUTAINER BD;UNIDAD;DESECHABLES;MEDICOQUIRURGICOS
2597;TUBO TAPA LILA 1 ML VACUETTE CAJA X 100 UN ;CAJA;LABORATORIO;MEDICOQUIRURGICOS
1614;TUBO TAPA LILA 2 ML VACUETTE;UNIDAD;DESECHABLES;MEDICOQUIRURGICOS
1699;TUBO TAPA LILA 3 ML VACUETTE;UNIDAD;DESECHABLES;MEDICOQUIRURGICOS
1705;TUBO TAPA LILA 3 ML VACUTAINER BD;UNIDAD;LABORATORIO;MEDICOQUIRURGICOS
1552;TUBO TAPA LILA 4 ML VACUTAINER BD;UNIDAD;DESECHABLES;MEDICOQUIRURGICOS
1355;TUBO TAPA LILA 4.0 ML IMPROVE;UNIDAD;LABORATORIO;MEDICOQUIRURGICOS
1704;TUBO TAPA ROJA 3 ML VACUTAINER BD;UNIDAD;DESECHABLES;MEDICOQUIRURGICOS
1478;TUBO TAPA ROJA 4 ML VACUETTE;UNIDAD;DESECHABLES;MEDICOQUIRURGICOS
1615;TUBO TAPA ROJA 5.0 ML IMPROVE;UNIDAD;LABORATORIO;MEDICOQUIRURGICOS
1397;TUBO TAPA ROJA 6 ML VACUETTE;UNIDAD;DESECHABLES;MEDICOQUIRURGICOS
1466;TUBO TAPA ROJA 6 ML VACUTAINER BD;UNIDAD;DESECHABLES;MEDICOQUIRURGICOS
1729;UNIDAD ODONTOLOGICA FIJA ELECTRICA;UNIDAD;EQUIPOS;MEDICOQUIRURGICOS
1594;UNIDOSIS DE MEZCLAS PARENTERALES;UNIDAD;SOLUCIONES;MEDICOQUIRURGICOS
2416;V.D.R.L. WIENER TEST X 250 DET;CAJA;LABORATORIO;MEDICOQUIRURGICOS
2361;VALVULA FONADORA CON PUERTO DE OXIGENO SHILEY;UNIDAD;EQUIPOS;MEDICOQUIRURGICOS
1784;VASELINA USP X LIBRA;LIBRAS;DESECHABLES;MEDICOQUIRURGICOS
1365;VASO DESECHABLE 9 ONZAS CARTON;UNIDAD;DESECHABLES;MEDICOQUIRURGICOS
2628;VASO PLASTICO MEDIDOR X 500 ML;UNIDAD;DESECHABLES;MEDICOQUIRURGICOS
1539;VENDA ADHESIVA 10 X 4.5 ELASTIPLAST;UNIDAD;GASAS;MEDICOQUIRURGICOS
1537;VENDA ADHESIVA 5 X 4.5 ELASTIPLAST;UNIDAD;GASAS;MEDICOQUIRURGICOS
1538;VENDA ADHESIVA 7.5 X 4.5 ELASTIPLAST ;UNIDAD;GASAS;MEDICOQUIRURGICOS
1247;VENDA DE ALGODON 3 X 5 HIGIETEX;UNIDAD;GASAS;MEDICOQUIRURGICOS
2263;VENDA DE ALGODON 3 X 5 SUPERTEX;UNIDAD;GASAS;MEDICOQUIRURGICOS
1243;VENDA DE ALGODON 4 X 4 SUPERTEX;UNIDAD;GASAS;MEDICOQUIRURGICOS
1244;VENDA DE ALGODON 4 X 5 HIGIETEX;UNIDAD;GASAS;MEDICOQUIRURGICOS
1566;VENDA DE ALGODON 5 X 4 SUPERTEX;UNIDAD;GASAS;MEDICOQUIRURGICOS
1245;VENDA DE ALGODON 5 X 5 ;ROLLO;GASAS;MEDICOQUIRURGICOS
1259;VENDA DE ALGODON 6 X 4 SUPERTEX;UNIDAD;GASAS;MEDICOQUIRURGICOS
2250;VENDA DE ALGODON 6 X 5 ;UNIDAD;GASAS;MEDICOQUIRURGICOS
3088;VENDA DE GASA 2 X 5 VENDATEX;UNIDAD;GASAS;MEDICOQUIRURGICOS
1473;VENDA DE GASA 3 X 5 SHERLEG;UNIDAD;GASAS;MEDICOQUIRURGICOS
1256;VENDA DE GASA 3 X 5 SUPERTEX;UNIDAD;GASAS;MEDICOQUIRURGICOS
1472;VENDA DE GASA 4 X 5 CONFORTEX;UNIDAD;GASAS;MEDICOQUIRURGICOS
1257;VENDA DE GASA 4 X 5 SUPERTEX;UNIDAD;GASAS;MEDICOQUIRURGICOS
1474;VENDA DE GASA 5 X 5 SHERLEG;UNIDAD;GASAS;MEDICOQUIRURGICOS
1258;VENDA DE GASA 5 X 5 SUPERTEX;UNIDAD;GASAS;MEDICOQUIRURGICOS
1246;VENDA DE GASA 6 X 5 SUPERTEX;UNIDAD;GASAS;MEDICOQUIRURGICOS
3873;"VENDA DE TELA 3"" X 5 YD";UNIDAD;GASAS;MEDICOQUIRURGICOS
3874;"VENDA DE TELA 5"" X 5 YD";UNIDAD;GASAS;MEDICOQUIRURGICOS
3092;VENDA DE TELA 90 X 90 X 1.50 ;UNIDAD;GASAS;MEDICOQUIRURGICOS
1249;"VENDA DE YESO GYPSONA 3"" X 5 ";UNIDAD;GASAS;MEDICOQUIRURGICOS
1250;"VENDA DE YESO GYPSONA 4"" X 5";UNIDAD;GASAS;MEDICOQUIRURGICOS
1251;"VENDA DE YESO GYPSONA 5"" X 5";UNIDAD;GASAS;MEDICOQUIRURGICOS
1248;"VENDA DE YESO GYPSONA 6"" X 5";UNIDAD;GASAS;MEDICOQUIRURGICOS
1368;"VENDA DE YESO GYPSONA 8"" X 5";UNIDAD;GASAS;MEDICOQUIRURGICOS
1475;VENDA DE YESO MASTER MEDICAL 6 X 5;UNIDAD;GASAS;MEDICOQUIRURGICOS
1253;VENDA ELASTICA 10 CM X 2 MT BSN;UNIDAD;GASAS;MEDICOQUIRURGICOS
1252;VENDA ELASTICA 3 X 5;UNIDAD;GASAS;MEDICOQUIRURGICOS
3466;"VENDA ELASTICA 3"" X 5 YD SPORTEX";UNIDAD;GASAS;MEDICOQUIRURGICOS
2702;"VENDA ELASTICA 4"" X 5 YDS COBAN";UNIDAD;GASAS;MEDICOQUIRURGICOS
1254;VENDA ELASTICA 5 X 5 ;UNIDAD;GASAS;MEDICOQUIRURGICOS
1255;VENDA ELASTICA 6 X 5 SUPERTEX;UNIDAD;GASAS;MEDICOQUIRURGICOS
2321;VENDA ELASTICA PIEL 2 X 5 MEDICAL;UNIDAD;GASAS;MEDICOQUIRURGICOS
2811;VENTILADOR TORRE CONTROL REMOTO BLANCO;UNIDAD;EQUIPOS;MEDICOQUIRURGICOS
1603;VICRYL PLUS 2.0 1SH 70 CM CP317H J&J;UNIDAD;SUTURAS;MEDICOQUIRURGICOS
1602;VICRYL PLUS 3.0 SC20 70 CM J123H J&J;UNIDAD;SUTURAS;MEDICOQUIRURGICOS
3855;VITAMINA C 1.000 MG FRASCO X 100 CAPSULAS;FRASCO;MEDICAMENTOS;MEDICOQUIRURGICOS
2498;VOLTAREN EMULGEL 1% X 100 GR;FRASCO;MEDICAMENTOS;MEDICOQUIRURGICOS
2063;VOLUVEN 6% X 500 ML FRESENIUS;UNIDAD;LIQUIDOS;MEDICOQUIRURGICOS
1898;WESCOCIDE GL X 3.785 CC 28 DIAS ELECTROWEST;GALON;LIQUIDOS;MEDICOQUIRURGICOS
1922;WESCOHEX 270 ALCOHOL BOLSA X 30 ML;SOBRE;LIQUIDOS;MEDICOQUIRURGICOS
2433;YODO AL 10% X 500 ML;FRASCO;LABORATORIO;MEDICOQUIRURGICOS
3089;YODOPOVIDONA ESPUMA X 120 ML MK ;FRASCO;LIQUIDOS;MEDICOQUIRURGICOS
3837;YODOPOVIDONA SOLUCION X 120 ML ALFAMEDIC;FRASCO;LIQUIDOS;MEDICOQUIRURGICOS
1096;YODOPOVIDONA SOLUCION X 120 ML MK;FRASCO;LIQUIDOS;MEDICOQUIRURGICOS
2663;YODOPOVIDONA SOLUCION X 60 ML MK;FRASCO;LIQUIDOS;MEDICOQUIRURGICOS
2314;ZAPATON PLASTICO BAJA DENSIDAD;PAR;DESECHABLES;MEDICOQUIRURGICOS
2160;ZUNCHO MULTIUSO NEGRO X 1000 MTS;ROLLO;DESECHABLES;MEDICOQUIRURGICOS
